Question,Answer
Which name is also used to describe the Amazon rainforest in English?,"['also known in English as Amazonia or the Amazon Jungle,', 'Amazonia or the Amazon Jungle', 'Amazonia']"
How many square kilometers of rainforest is covered in the basin?,"['5,500,000 square kilometres (2,100,000 sq mi) are covered by the rainforest.', '5,500,000', '5,500,000']"
How many nations control this region in total?,"['This region includes territory belonging to nine nations.', 'nine', 'nine']"
"How many nations contain ""Amazonas"" in their names?","['States or departments in four nations contain ""Amazonas"" in their names.', 'four', 'four']"
What percentage does the Amazon represents in rainforests on the planet?,"[""The Amazon represents over half of the planet's remaining rainforests"", 'over half']"
What is the Dutch word for the Amazon rainforest?,"['Amazoneregenwoud', 'Amazoneregenwoud', 'Amazoneregenwoud']"
What rainforest covers the majority of the Amazon basin in South America?,"['The Amazon rainforest', 'Amazon rainforest', 'The Amazon']"
In what country can most of the Amazon rainforest be found?,"['Brazil', 'Brazil', 'Brazil']"
The Amazon rainforest makes up what amount of Earth's rainforests?,"['over half', 'over half', 'over half']"
How many species of trees can be found in the Amazon rainforest?,"['16,000', '16,000', '16,000']"
What kind of forest is the Amazon rainforest?,"['moist broadleaf forest', 'moist broadleaf forest', 'tropical']"
How many square kilometers is the Amazon Basin?,"['7,000,000 square kilometres (2,70', '7,000,000', '7,000,000 square kilometres']"
How many nations are within the Amazon Basin?,"['nine nations', 'nine', 'nine']"
Which nation contains the majority of the amazon forest?,"['Brazil', 'Brazil', 'Brazil']"
What is the estimate for the amount of tree species in the amazon tropical rain forest?,"['16,000 species', '16,000', '16,000']"
Which Florida city has the biggest population?,"['Jacksonville', 'Jacksonville', 'Jacksonville']"
What was the population Jacksonville city as of 2010?,"['1,345,596', '1,345,596', '1,345,596']"
"Based on population alone, what is Jacksonville's ranking in the United States?","['12th', '12th', '12th']"
In which county does Jacksonville reside?,"['Duval', 'Duval County', 'Duval County']"
What year did consolidation cause Jacksonville to become part of Duval County?,"['1968', '1968', '1968']"
When did the 1973 oil crisis begin?,"['October 1973', 'October 1973', 'October 1973', 'October', '1973']"
What was the price of oil in March of 1974?,"['nearly $12', '$12', '$12', '$12', '$12']"
When was the second oil crisis?,"['1979', '1979', '1979', '1979', '1979']"
What was another term used for the oil crisis?,"['first oil shock', 'shock', 'shock', 'first oil shock', 'shock']"
Who proclaimed the oil embargo?,"['members of the Organization of Arab Petroleum Exporting Countries', 'members of the Organization of Arab Petroleum Exporting Countries', 'Organization of Arab Petroleum Exporting Countries', 'members of the Organization of Arab Petroleum Exporting Countries', 'OAPEC']"
Construction involves the translation of what?,"['designs into reality', 'designs into reality', 'designs into reality']"
A formal design team may be assembled to do what?,"['plan the physical proceedings, and to integrate those proceedings with the other parts', 'plan the physical proceedings, and to integrate those proceedings with the other parts', 'plan the physical proceedings, and to integrate those proceedings with the other parts']"
The design team is most commonly employed by who?,"['the property owner', 'the property owner', 'property owner']"
Who provides the bill of quantities?,"['a quantity surveyor', 'quantity surveyor', 'quantity surveyor']"
The owner typically awards a contract to who?,"['the most cost efficient bidder', 'the most cost efficient bidder', 'most cost efficient bidder']"
What process do moderate and reformist Islamists work within the boundaries of?,"['democratic', 'democratic process', 'democratic']"
Where does Hamas originate?,"['Palestine', 'Palestine', 'Palestine']"
What is the goal of Islamist groups like Hezbollah and Hamas?,"['abolish the state of Israel', 'abolish the state of Israel', 'abolish the state of Israel']"
What do radical Islamist organizations reject entirely?,"['democracy', 'democracy', 'democracy']"
On what basis do the radical Islamist organizations conduct their attacks?,"['religious', 'religious', 'religious']"
What is Southern California often abbreviated as?,"['SoCal', 'SoCal', 'SoCal']"
"Despite being traditionall described as ""eight counties"", how many counties does this region actually have?","['10 counties', '10', '10']"
What is a major importance of Southern California in relation to California and the United States?,"['economic center', 'major economic center', 'economic center']"
"What are the ties that best described what the ""eight counties"" are based on?","['demographics and economic ties', 'economic', 'demographics and economic']"
The reasons for the las two counties to be added are based on what?,"['historical political divisions', 'historical political divisions', 'historical political divisions']"
Who is the chair of the IPCC?,"['Hoesung Lee', 'Hoesung Lee', 'Hoesung Lee']"
What nationality is Hoesung Lee?,"['Korean', 'onomist', 'Korean']"
Who is the vice-chair of the IPCC?,"['Ismail El Gizouli', 'Ismail El Gizouli', 'Ismail El Gizouli']"
Who was the first chair of the IPCC?,"['Bert Bolin', 'Bert Bolin', 'Bert Bolin']"
When did Pachauri resign as chair of the IPCC?,"['February 2015', 'February 2015', 'February 2015']"
What is a mechanical barrier in insects that protects the insect?,"['exoskeleton', 'exoskeleton', 'exoskeleton']"
What is an example of a mechanical barrier on leaves?,"['The waxy cuticle', 'waxy cuticle', 'waxy cuticle']"
What responses protect the lungs by mechanically ejecting pathogens from the respiratory system?,"['coughing and sneezing', 'coughing and sneezing', 'coughing and sneezing']"
What is secreted by the respiratory tract to trap microorganisms?,"['mucus', 'mucus', 'mucus']"
The flushing action of what expels pathogens from the eyes?,"['tears', 'tears', 'tears']"
Who is on the IPCC Panel?,"['representatives appointed by governments and organizations', 'representatives appointed by governments and organizations', 'representatives appointed by governments and organizations']"
How many people attended the 2003 IPCC meeting?,"['350', '350', '350']"
What kind of people attend the IPCC meetings?,"['government officials and climate change experts', 'government officials and climate change experts', 'government officials and climate change experts']"
How much of the IPCC attendees are government representatives?,"['about seven-eighths', 'seven-eighths', 'about seven-eighths']"
"In a computational problem, what can be described as a string over an alphabet?","['problem instance', 'a problem instance', 'problem instance']"
What is the name of the alphabet is most commonly used in a problem instance?,"['binary alphabet', 'binary', 'binary']"
What is another term for the string of a problem instance?,"['bitstrings', 'bitstrings', 'bitstrings']"
"In the encoding of mathematical objects, what is the way in which integers are commonly expressed?","['binary notation', 'binary notation', 'binary notation']"
What is one way in which graphs can be encoded? ,"['adjacency matrices', 'directly via their adjacency matrices']"
Who wrote that it is difficult to produce an all inclusive definition of civil disobedience?,"['LeGrande', 'LeGrande', 'LeGrande', 'LeGrande', 'LeGrande']"
Le Grande also wrote that defining the term civil disobedience so difficult it could be described as? ,"['impossible', 'a maze of semantical problems and grammatical niceties', 'impossible', 'impossible']"
Le grand asks for a variance of what three terms?,"['lawful protest demonstration, nonviolent civil disobedience, and violent civil disobedience', 'lawful protest demonstration, nonviolent civil disobedience, and violent civil disobedience', 'lawful protest demonstration, nonviolent civil disobedience, and violent civil disobedience', 'lawful protest demonstration, nonviolent civil disobedience, and violent civil disobedience', 'lawful protest demonstration, nonviolent civil disobedience, and violent civil disobedience']"
Le grand states that students studying civil disobedience will often run into grammatical niceties and what other problem? ,"['semantical', 'semantical', 'a maze of semantical problems', 'semantical', 'semantical problems']"
Le grand concludes that an author's words offer only what they intended for them to imply regarding this type of terminology?,"['specific', 'civil disobedience', 'specific', 'specific']"
Who said that writing a good description of civil disobedience is hard?,"['LeGrande', 'LeGrande', 'LeGrande', 'LeGrande', 'LeGrande']"
How much literature has been written regarding civil disobedience?,"['voluminous literature', 'voluminous', 'voluminous', 'voluminous']"
What issue plagues the literature about civil disobedience?,"['semantical problems and grammatical niceties', 'maze of semantical problems and grammatical niceties', 'semantical problems and grammatical niceties', 'semantical problems and grammatical niceties']"
What type of protest falls under civil disobedience without aggression?,"['nonviolent civil disobedience', 'nonviolent civil disobedience', 'nonviolent', 'nonviolent', 'nonviolent']"
What type of civil disobedience is accompanied by aggression?,"['violent civil disobedience', 'violent civil disobedience', 'violent', 'violent', 'violent']"
What president eliminated the Christian position in the curriculum?,"['Charles W. Eliot', 'Charles W. Eliot', 'Charles W. Eliot']"
What conviction motivated Eliot to move towards secularization?,"['Transcendentalist Unitarian', 'Transcendentalist Unitarian', 'Transcendentalist Unitarian']"
From whom were the movement that Eliot followed derived?,"['William Ellery Channing and Ralph Waldo Emerson', 'William Ellery Channing and Ralph Waldo Emerson', 'William Ellery Channing and Ralph Waldo Emerson']"
Vice President Agnew describes Civil disobedience in what activities?,"['muggers, arsonists, draft evaders, campaign hecklers, campus militants, anti-war demonstrators, juvenile delinquents and political assassins', 'civil disobedience', 'muggers, arsonists, draft evaders, campaign hecklers, campus militants, anti-war demonstrators, juvenile delinquents and political assassins', 'muggers, arsonists, draft evaders, campaign hecklers, campus militants, anti-war demonstrators, juvenile delinquents and political assassins', 'activities of muggers, arsonists, draft evaders, campaign hecklers, campus militants, anti-war demonstrators, juvenile delinquents and political assassins']"
Civil disobedience has been argued in more recent times to have suffered from what?,"['ambiguity', 'debased', 'ambiguity', 'ambiguity', 'ambiguity']"
More in the present prevalence of civil disobedience has turned and said to be?,"['utterly debased', 'debased', 'everything from bringing a test-case in the federal courts to taking aim at a federal official', 'utterly debased']"
What person argues that civil disobedience is used to describe everything?,"['Marshall Cohen', 'Marshall Cohen', 'Marshall Cohen', 'Marshall Cohen', 'Marshall Cohen']"
"In modern times, what is said about civil disobedience?","['become utterly debased', 'utterly debased', 'in modern times, become utterly debased', 'become utterly debased', 'become utterly debased']"
Who noted the different current uses of civil disobedience?,"['Marshall Cohen', 'Marshall Cohen', 'Marshall Cohen', 'Marshall Cohen', 'President Agnew']"
How has civil disobedience evolved in current times?,"['code-word describing the activities of muggers, arsonists, draft evaders', 'utterly debased', 'become utterly debased', 'become utterly debased', 'become utterly debased']"
Who gave a negative connotation to civil disobedience in recent history?,"['Vice President Agnew', 'Vice President Agnew', 'Vice President Agnew', 'Vice President Agnew', 'Marshall Cohen']"
What issue has been plaguing the civil disobedience movement.,"['ambiguity', 'ambiguity', 'ambiguity', 'ambiguity']"
