question,answers,gen_answer,truth,,,,,,,,,
"who introduced modern methods of surgery, such as antiseptics, sterilization, and washing hands? brainly",Joseph Lister,"The modern methods of surgery, including antiseptics, sterilization, and hand washing, were mainly introduced by Joseph Lister in the 19th century. His work greatly contributed to the development of surgical hygiene practices.",1,,,,,,,,,
what kind of government was chiang kai-shek trying to build in china,Chiang Kai-Shek was trying to build a Communist government in China.,"Chiang Kai-shek aimed to establish a nationalist government based on the principles of Sun Yat-sen, promoting nationalism, democracy, and social reform. His regime sought to unify China under the Kuomintang (KMT) party and maintain a strong, centralized authority.",0,,,,,,,,,
president adams,"John Quincy Adams was an American statesman who served as a diplomat, minister and ambassador to foreign nations, and treaty negotiator, United States Senator, U.S. Representative from Massachusetts, and the sixth President of the United States from 1825 to 1829.","There are two prominent Presidents Adams in U.S. history:

1. **John Adams (1797-1801)**: The second President and a Founding Father, he played a key role in the American Revolution and was a signatory of the Declaration of Independence.

2. **John Quincy Adams (1825-1829)**: The sixth President and son of John Adams, he was known for his strong stance on civil liberties and his post-presidency work in anti-slavery advocacy.

If you need specific information about one of them, please clarify!",1,,,,,,,,,
define semitic,"A member of any of a number of peoples of ancient southwestern Asia including the Akkadians, Phoenicians, Hebrews and Arabsb.","The term ""Semitic"" refers to a family of languages, including Hebrew, Arabic, and Amharic, that originated in the Middle East. It can also relate to the peoples and cultures associated with these languages. Additionally, ""Semitic"" is often used in the context of discussions about anti-Semitism, which specifically targets Jews.",1,,,,,,,,,
what is wudfhost service,It is a set of Microsoft tools that aid in the creation of device drivers for Windows.,"The WudfHost service, or Windows User-mode Driver Framework Host, is a component of the Windows operating system. It provides a runtime environment for user-mode drivers, enabling them to run in a secure way. This framework helps manage devices connected to the system, particularly those that require user-mode drivers, ensuring better reliability and stability.",1,,,,,,,,,
what is an overactive pancreas,"An overactive pancrease would produce more enzymes, but in the Islets of Langerhans, it could also produce too much insulin. Too much insulin in the blood could produce Hypoglycemia or low blood sugar.This is sometimes called pre-diabetes.","An overactive pancreas typically refers to excessive production of digestive enzymes or hormones, particularly insulin. This can lead to conditions like hyperinsulinemia, which may result in low blood sugar levels, or pancreatic enzyme disorders affecting digestion. Itâ€™s important to consult a healthcare professional for diagnosis and management.",1,,,,,,,,,
,,,,,,,,,,,,
where is ATP synthase located,In the mitochondria,ATP synthase is located in the inner mitochondrial membrane in eukaryotes and in the plasma membrane of prokaryotes.,1,,,,,,,,,
what kind of bond is created by the attraction between atomic particles of opposite charge?,Ionic,An ionic bond is created by the attraction between atomic particles of opposite charge.,1,,,,,,,,,
how much money does a athletic trainer trainer get a year,"$38,000 to $82,000 per year","Athletic trainers in the U.S. earn an average salary ranging from $40,000 to $60,000 per year, depending on experience, education, and location.",1,,,,,,,,,
how long before rigor sets in,12 hour,"Rigor mortis typically begins to set in within 2 to 6 hours after death, reaching its maximum stiffness in about 12 to 24 hours, and then gradually dissipates over the next 24 to 48 hours.",1,,,,,,,,,
stock dow highest,"The Dow's highest closing record is 21,115.55.","As of my last knowledge update in October 2021, the highest closing value for the Dow Jones Industrial Average was approximately 36,800 reached in early January 2022. For the most current figure, please check a reliable financial news source.",0,,,,,,,,,
what is the color code for a rainbow,"In rainbow, the code for red is #FF0000, #FF7F00 for orange and #FFFF00 for yellow.","The color codes for a rainbow are as follows (from top to bottom):

1. Red: #FF0000
2. Orange: #FFA500
3. Yellow: #FFFF00
4. Green: #008000
5. Blue: #0000FF
6. Indigo: #4B0082
7. Violet: #EE82EE",1,,,,,,,,,
charity navigator definition,Charity Navigator is an American independent charity watchdog organization that evaluates charitable organizations in the United States.,"Charity Navigator is a nonprofit organization that evaluates and rates other charities based on their financial health, accountability, and transparency. It provides tools and information to help donors make informed decisions about where to donate their money.",0,,,,,,,,,
can ativan be used for insomnia,Yes,"Yes, Ativan (lorazepam) can be prescribed for short-term treatment of insomnia due to its sedative properties, but it's typically not recommended for long-term use due to the risk of dependence. Always consult a healthcare professional before using any medication.",1,,,,,,,,,
who is gal rimon gameffective,Founder and ceo of gameffective.,"Gal Rimon is a co-founder of Gameffective, a company that specializes in gamification and performance management solutions for businesses. Gameffective focuses on enhancing employee engagement and productivity through game-based techniques.",1,,,,,,,,,
what can you eat if you have gout?,"Chicken or duck, red meat, pork, and turkey.","If you have gout, consider eating:

- Low-fat dairy products
- Fresh fruits (like cherries)
- Vegetables (especially leafy greens)
- Whole grains
- Nuts and seeds
- Fish (like salmon) in moderation

Avoid high-purine foods such as red meat, organ meats, shellfish, sugary drinks, and excessive alcohol. Always consult with a healthcare professional for personalized advice.",0,,,,,,,,,
indication that a breastfed baby is getting an adequate amount of milk is,The first dark stools passed by the baby to yellow stools by Day 5 and three to four stools per day by the fourth day of life.,"An indication that a breastfed baby is getting an adequate amount of milk includes having at least 6-8 wet diapers per day and showing steady weight gain. Additionally, the baby should have at least 2-3 bowel movements daily in the first month.",0,,,,,,,,,
what degree do you have to get to a engineer,"An engineer's degree is an advanced academic degree in engineering that is conferred in Europe, some countries of Latin America, and a few institutions in the United States.","To become an engineer, you typically need a bachelor's degree in engineering or a related field. Specialized programs exist for various engineering disciplines, such as civil, mechanical, electrical, or chemical engineering.",1,,,,,,,,,
average time for va claim to be processed,900 days,"The average time for a VA claim to be processed is typically around 120 days, but it can vary based on complexity and the type of claim. Some claims might take longer, especially if more information or evidence is required.",0,,,,,,,,,
what year was the xbox released,2001,"The original Xbox was released on November 15, 2001.",1,,,,,,,,,
where is the deepest body of ocean,Mariana Trench,"The deepest body of ocean is the Mariana Trench, located in the western Pacific Ocean. The deepest point within it is known as the Challenger Deep, reaching approximately 36,000 feet (about 10,972 meters) below sea level.",1,,,,,,,,,
which is better for you aspirin or ibuprofen,Aspirin,"Aspirin and ibuprofen serve different purposes and have different effects. 

- **Aspirin:** Good for pain relief and reducing inflammation, often used for its blood-thinning properties. Itâ€™s commonly recommended for heart health.

- **Ibuprofen:** Effective for pain relief and inflammation, typically safe for most people for short-term use, but it doesnâ€™t have the same blood-thinning effects as aspirin.

The better option depends on your specific health needs and conditions. Always consult a healthcare provider for personalized advice.",0,,,,,,,,,
what is the difference between conductivity and resistivity,"Conductivity is the electrical current flow, while resistivity is a measure of the material's ability to oppose electric current.","Conductivity is a measure of a material's ability to conduct electric current, while resistivity is a measure of how strongly a material opposes the flow of electric current. Conductivity is the inverse of resistivity; higher conductivity means lower resistivity, and vice versa.",1,,,,,,,,,
how soon can nausea start in pregnancy,As early as the second week of your pregnancy.,"Nausea in pregnancy, often referred to as morning sickness, can start as early as 4 to 6 weeks into the pregnancy. It typically peaks around 9 to 12 weeks and may continue into the second trimester for some women.",0,,,,,,,,,
what is a nata,It is the authority that provides independent assurance of technical competence through a proven network of best practice industry experts for customers who require confidence.,"A nata is a traditional Portuguese pastry, often referred to as ""pastel de nata."" It consists of a flaky crust filled with a rich custard, typically topped with cinnamon and powdered sugar. It is a popular dessert in Portugal and beyond.",0,,,,,,,,,
what is a palliative consult,"Palliative Care Program is a specialized service providing pain and symptom management, counseling, support and guidance in navigating health care options and choices.","A palliative consult is a medical evaluation focused on relieving symptoms and improving the quality of life for patients facing serious illnesses. It typically involves a team of healthcare professionals who assess physical, emotional, spiritual, and social needs, providing recommendations for care.",1,,,,,,,,,
what is the survival rate for ovarian cancer,57% to 90%,"The survival rate for ovarian cancer varies by stage at diagnosis. Generally, the 5-year survival rate for all stages combined is about 47%. For localized cases, it can be as high as 93%, while metastatic cases have a rate closer to 30%. Always consult a healthcare professional for specific statistics related to individual cases.",0,,,,,,,,,
bible names meaning jeremy,"The meaning of name Jeremy is ""god will uplift"".","The name ""Jeremy"" is derived from the Hebrew name ""Jeremiah,"" which means ""Yahweh will exalt"" or ""appointed by God.""",0,,,,,,,,,
where does the nile river end/,Mediterranean Sea,"The Nile River ends at the Mediterranean Sea, near Cairo, Egypt.",1,,,,,,,,,
what county is elkader iowa in,Clayton,"Elkader, Iowa, is located in Clayton County.",1,,,,,,,,,
what does ear wax color mean,"If your wax is dark, that means the wax is filled with debris, dust, dirt, and microorganisms.","Ear wax color can indicate different things:

- **Light yellow or tan**: Normal and healthy.
- **Dark brown or old**: Often older wax; still normal.
- **Black**: May indicate older accumulation; could also be due to dirt or prolonged exposure.
- **Red or bloody**: Possible injury or infection; may need medical attention.
- **Greenish or yellowish**: Could suggest infection or the presence of bacteria.

If you have concerns about ear wax, it's best to consult a healthcare professional.",1,,,,,,,,,
executive officer meaning,"An executive officer (often abbreviated XO) is generally a person responsible for running an organization, although the exact nature of the role varies depending on the organization.","An executive officer is a senior manager or leader responsible for overseeing the operations and strategic direction of an organization. This role often includes making high-level decisions, managing resources, and ensuring that the company meets its goals. Common titles include CEO, COO, and CFO.",1,,,,,,,,,
lanark what county,Lanark is in Lanark County.,"Lanark is located in South Lanarkshire, Scotland.",1,,,,,,,,,
what county is vega tx in,Oldham County,"Vega, TX is in Oldham County.",1,,,,,,,,,
chicago illinois is in what county,Cook,"Chicago, Illinois is primarily located in Cook County, with a small portion extending into DuPage County.",1,,,,,,,,,
is canola oil unhealthy,No,"Canola oil is generally considered safe for consumption, but opinions vary. Some concerns include its omega-6 fatty acid content and potential processing methods. Moderation is key, and using a variety of oils may be beneficial for overall health.",1,,,,,,,,,
how many game of thrones books are there,Five books.,"There are five published books in the ""A Song of Ice and Fire"" series by George R.R. Martin. Two more books are planned: ""The Winds of Winter"" and ""A Dream of Spring.""",1,,,,,,,,,
the iran-contra,The Iran Contra Affair began as an internal U.S. confrontation between Ronald Reagan and the Democratic Congress.,"The Iran-Contra Affair was a political scandal in the United States during the 1980s. It involved two main covert operations: 

1. **Arms Sales to Iran**: Despite an embargo, the U.S. secretly sold arms to Iran, hoping to secure the release of American hostages held by Hezbollah.

2. **Funding Contra Rebels**: Profits from the arms sales were used to fund the Contras, a rebel group in Nicaragua fighting the Sandinista government, which was opposed by the U.S.

The affair raised significant legal and ethical issues, leading to investigations and convictions of several officials, although many convictions were later vacated or pardoned.",0,,,,,,,,,
what was the inqisitions all about,An organization in the Roman Catholic Church in the past that was responsible for finding and punishing people who did not accept its beliefs and practices.,"The Inquisitions were a series of institutions and processes within the Catholic Church aimed at combating heresy and maintaining doctrinal conformity. They began in the 12th century and continued into the 17th century. The most notable were the Medieval Inquisition and the Spanish Inquisition. Methods included investigations, trials, and sometimes torture, resulting in the punishment of individuals deemed heretics. The Inquisitions sought to uphold church authority and orthodox beliefs.",1,,,,,,,,,
what is a requirement traceability matrix,It is a document that links requirements throughout the validation process.,"A Requirement Traceability Matrix (RTM) is a tool used in project management and software development to ensure that all requirements are addressed throughout the project lifecycle. It outlines the relationship between requirements and their corresponding deliverables, including design, development, testing, and validation. This helps verify that each requirement is met and facilitates impact analysis for changes.",1,,,,,,,,,
which birth control method reduces the risk of pregnancy and protects from sexually transmitted infections?,The male latex or polyurethane condom and female condom.,The only birth control method that reduces the risk of pregnancy and also protects against sexually transmitted infections (STIs) is the condom (both male and female condoms).,1,,,,,,,,,
does nerve damage from chemo heal,Yes,"Nerve damage from chemotherapy, known as chemotherapy-induced peripheral neuropathy (CIPN), may improve over time, but recovery can vary. Some patients experience significant healing, while others may have lasting effects. Consult a healthcare provider for tailored advice and potential treatments.",1,,,,,,,,,
uso definition,"It is a nonprofit organization that provides programs, services and live entertainment to United States service members and their families.","""Uso"" is a Spanish word that translates to ""use"" in English. It can refer to the act of using something or can describe the customary way something is used. In specific contexts, it can also mean ""habit"" or ""custom.""",0,,,,,,,,,
cost to install vinyl soffit per foot,$0.45 to $1.90,"The cost to install vinyl soffit typically ranges from $3 to $7 per linear foot, including materials and labor. Prices can vary based on location, complexity, and the contractor's rates.",0,,,,,,,,,
what is mass multiplied by acceleration,Force,"Mass multiplied by acceleration is known as force, according to Newton's second law of motion. The formula is F = m Ã— a, where F is force, m is mass, and a is acceleration.",1,,,,,,,,,
what is concasse,"Concasse is a cooking term meaning to rough chop any ingredient, usually vegetables.","ConcassÃ© is a culinary term referring to tomatoes that have been blanched, peeled, de-seeded, and chopped into small pieces. It is often used in sauces and as a garnish.",1,,,,,,,,,
harriet beecher stowe birthday,"Harriett Beecher Stowe's birthday is on June 14, 1811.","Harriet Beecher Stowe was born on June 14, 1811.",1,,,,,,,,,
define language deprived,"It is associated with the lack of linguistic stimuli that are necessary for the language acquisition processes in an individual, usually in a very impoverished environment.","Language deprived refers to individuals, often children, who have had minimal exposure to language during critical developmental periods. This lack of linguistic input can significantly affect their ability to acquire language skills and communicate effectively. It can occur in various contexts, such as neglect or isolation.",1,,,,,,,,,
how to get rid of roaches home remedy,"Home remedies are the best when it comes to killing roaches. Some of the best known methods are listed below. 1 Boric acid in powdered form, mixed with sugar and flour, to kill, bait and hold the mixture, respectively, is one stop solution for all your problems.","Here are a few home remedies to help get rid of roaches:

1. **Boric Acid**: Mix with sugar and sprinkle in areas where roaches are seen. Sugar attracts them, and boric acid will kill them.

2. **Baking Soda and Sugar**: Mix equal parts and place in shallow containers. The sugar attracts them, and the baking soda kills them.

3. **Soap and Water Spray**: Mix soap and water in a spray bottle and spray directly on roaches to suffocate them.

4. **Diatomaceous Earth**: Sprinkle food-grade diatomaceous earth in infested areas. It dehydrates and kills roaches.

5. **Vinegar and Water**: Use a 1:1 ratio of vinegar and water to wipe surfaces and deter roaches.

Remember to keep your home clean and seal entry points to help prevent infestations.",1,,,,,,,,,
how long is a day,"23 hours, 56 minutes.",A day is 24 hours long.,0,,,,,,,,,
role clarity definition,Role clarity is what it is that is nursingâ€™s alone to own as well as to define the role of each individual nurse in each domain of practice.,"Role clarity refers to the clear understanding of individual responsibilities, expectations, and authority within a team or organization. It helps prevent confusion and ensures that everyone knows their specific tasks and how they contribute to overall goals.",1,,,,,,,,,
what does the name cull mean,Killing,"The name ""Cull"" can refer to a selection process where certain items or individuals are removed from a group, often for reasons of quality or efficiency. In a personal name context, it may not have a specific meaning and can simply be a surname or first name.",0,,,,,,,,,
"if the correlation between two variables is zero, this means that",If the correlation between two variables is zero means there is no relationship between the two variables.,"A correlation of zero between two variables means that there is no linear relationship between them. Changes in one variable do not predict changes in the other. However, it does not imply that there is no relationship at all; there could still be a nonlinear relationship.",0,,,,,,,,,
what format does virtual dj,MP3+G format,"Virtual DJ primarily uses its own database format for track information, but it supports a wide range of audio and video file formats including MP3, WAV, AIFF, FLAC, AAC, and various video formats like AVI and MP4.",0,,,,,,,,,
can deadlifting make your joints sore,"Yes, Knees may be getting sore from deadlifts.","Yes, deadlifting can make your joints sore, especially if performed with improper form, too much weight, or insufficient recovery. It's important to use proper technique and listen to your body.",1,,,,,,,,,
________ is typically formed by metamorphism of a sandstone.,Quartzite,Quartzite is typically formed by metamorphism of sandstone.,1,,,,,,,,,
what is the meaning of impairment,"Any loss or abnormality of psychological, physiological or anatomical structure or function.","Impairment refers to a reduction or loss of function or capability in a certain area, such as physical, mental, or sensory abilities. It can affect various aspects of health or performance, often related to disabilities or medical conditions.",1,,,,,,,,,
what time do spring semesters start,At the end of January.,"Spring semester start times can vary by institution, but they typically begin anywhere between early January to mid-February. Check your specific school's academic calendar for exact dates.",1,,,,,,,,,
can crl be used on fiberglass,"Yes, crl can be used on fiberglass.","Yes, CRL (Chain Reinforced Laminate) can be used on fiberglass. It enhances the structural integrity by reinforcing the fiberglass material.",1,,,,,,,,,
what is  the action of the  trapezius muscle to the scapula,"Moving, rotating, and stabilizing.","The trapezius muscle elevates, retracts, and rotates the scapula. It also helps to depress the scapula in certain movements.",1,,,,,,,,,
oceanic crust is composed primarily of ________.,Basalts,Oceanic crust is composed primarily of basalt.,1,,,,,,,,,
cast of hush,"Casts of Hush are Kate Siegel as Maddie,John Gallagher Jr. as Man, Michael Trucco as John, Samantha Sloyan as Sarah,Emilia Graves as Max.","The cast of the 2016 film ""Hush"" includes:

- Kate Siegel as Maddie Young
- John Gallagher Jr. as The Killer
- Michael Trucco as Police Officer
- Samantha Sloyan as Sarah

Would you like more information about the film?",1,,,,,,,,,
what is the tennessee state tax in nashville,"7% of state sales tax,Depending on local municipalities, the total tax rate can be as high as 9.75%.","Tennessee does not have a state income tax. However, it does impose a sales tax of 7% in Nashville, with an additional local tax that brings the total to 9.25%.",1,,,,,,,,,
what does a court summons mean,A judicial summons is served on a person involved in a legal proceeding.,"A court summons is a legal document that notifies an individual that a lawsuit has been filed against them or that they are required to appear in court. It includes details about the case, the court date, and instructions on how to respond. Failure to respond can lead to legal consequences.",1,,,,,,,,,
starting salary of registered nurse,"$28,000-$50,000 per year","The starting salary of a registered nurse (RN) typically ranges from $50,000 to $70,000 per year, depending on location, healthcare facility, and experience.",0,,,,,,,,,
average pulse rate for male adults,60 to 100 beats a minute.,The average pulse rate for male adults typically ranges from 60 to 100 beats per minute at rest.,1,,,,,,,,,
how dissolve pills faster,Some pills are completely water soluble and therefore would dissolve in water faster than other liquids which are a mixture of water with other compounds.,"To dissolve pills faster, you can try the following methods, though it's important to consult a healthcare provider before doing so to ensure it's safe:

Crush the Pill (if allowed): Some pills can be crushed into a fine powder and mixed with water. However, certain medications are designed for slow release and should not be crushed, as this can interfere with how the drug is absorbed.
",1,,,,,,,,,
normal high temperatures des moines iowa,75AÂ°,"
In Des Moines, Iowa, the typical high temperatures vary by season:

Winter (December - February): Highs generally range from around 30°F to 40°F (-1°C to 4°C).
Spring (March - May): Highs increase to between 50°F to 70°F (10°C to 21°C).
Summer (June - August): High temperatures typically range from 80°F to 90°F (27°C to 32°C), with occasional peaks above 90°F.
Fall (September - November): Highs tend to fall between 50°F to 70°F (10°C to 21°C).
Summer is the hottest season, while winter brings the coldest temperatures.",1,,,,,,,,,
how many calories in fortune cookie,30 calories per one fortune cookie.,A typical fortune cookie contains about 30 to 50 calories.,1,,,,,,,,,
what is a signature dish,A signature dish is a dish that is closely identified with a chef or a restaurant and stands out as a prime example of that person's or establishment's cuisine.,"A signature dish is a meal that is strongly associated with a particular chef, restaurant, or cuisine, often showcasing unique flavors or techniques that define their culinary style.",1,,,,,,,,,
another name for joy stick,The control lever of an airplane.,Game controller.,0,,,,,,,,,
what does arm wing liposuction cost,"Between $1,500 and $5,000","The cost of arm wing liposuction typically ranges from $2,000 to $5,000, depending on factors like the surgeon's experience, location, and the complexity of the procedure. It's best to consult with a qualified surgeon for an accurate estimate.",1,,,,,,,,,
"how much does a police officer make in charleston, illinois","$34,000","As of my last knowledge update, a police officer in Charleston, Illinois, typically earns between $50,000 and $70,000 annually, depending on experience and rank. For the most accurate and current information, it's best to check with the Charleston Police Department or local government resources.",0,,,,,,,,,
what is botdf,It was the only track from Blood on the Dance Floor.,"BOTDF stands for Blood on the Dance Floor, an American electronic music duo known for their blend of pop, electronic, and crunkcore music. They gained popularity in the 2010s, particularly among the alternative and emo subcultures. The group was formed by Dahvie Vanity and Jayy Von Monroe.",1,,,,,,,,,
Which name is also used to describe the Amazon rainforest in English?,"['also known in English as Amazonia or the Amazon Jungle,', 'Amazonia or the Amazon Jungle', 'Amazonia']","The Amazon rainforest is also referred to as the ""Amazon jungle.""",0,,,,,,,,,
How many square kilometers of rainforest is covered in the basin?,"['5,500,000 square kilometres (2,100,000 sq mi) are covered by the rainforest.', '5,500,000', '5,500,000']","The Amazon Rainforest covers approximately 5.5 million square kilometers, with a significant portion located within the Amazon Basin. The entire basin itself spans about 7 million square kilometers.",1,,,,,,,,,
How many nations control this region in total?,"['This region includes territory belonging to nine nations.', 'nine', 'nine']",I don't know. Please specify which region you are referring to.,0,,,,,,,,,
"How many nations contain ""Amazonas"" in their names?","['States or departments in four nations contain ""Amazonas"" in their names.', 'four', 'four']","Two nations contain ""Amazonas"" in their names: Brazil (Amazonas state) and Peru (Amazonas region).",0,,,,,,,,,
What percentage does the Amazon represents in rainforests on the planet?,"[""The Amazon represents over half of the planet's remaining rainforests"", 'over half']",The Amazon rainforest represents about 40% of the world's remaining rainforests.,0,,,,,,,,,
What is the Dutch word for the Amazon rainforest?,"['Amazoneregenwoud', 'Amazoneregenwoud', 'Amazoneregenwoud']","The Dutch word for the Amazon rainforest is ""Amazonewoud.""",0,,,,,,,,,
What rainforest covers the majority of the Amazon basin in South America?,"['The Amazon rainforest', 'Amazon rainforest', 'The Amazon']",The Amazon Rainforest covers the majority of the Amazon basin in South America.,1,,,,,,,,,
In what country can most of the Amazon rainforest be found?,"['Brazil', 'Brazil', 'Brazil']",Most of the Amazon rainforest is found in Brazil.,1,,,,,,,,,
The Amazon rainforest makes up what amount of Earth's rainforests?,"['over half', 'over half', 'over half']",The Amazon rainforest makes up about 40% of the Earth's remaining rainforests.,0,,,,,,,,,
How many species of trees can be found in the Amazon rainforest?,"['16,000', '16,000', '16,000']","The Amazon rainforest is home to approximately 16,000 tree species.",1,,,,,,,,,
What kind of forest is the Amazon rainforest?,"['moist broadleaf forest', 'moist broadleaf forest', 'tropical']",The Amazon rainforest is a tropical rainforest.,1,,,,,,,,,
How many square kilometers is the Amazon Basin?,"['7,000,000 square kilometres (2,70', '7,000,000', '7,000,000 square kilometres']",The Amazon Basin covers approximately 7 million square kilometers.,1,,,,,,,,,
How many nations are within the Amazon Basin?,"['nine nations', 'nine', 'nine']","The Amazon Basin spans across nine nations: Brazil, Peru, Colombia, Venezuela, Ecuador, Bolivia, Guyana, Suriname, and French Guiana.",1,,,,,,,,,
Which nation contains the majority of the amazon forest?,"['Brazil', 'Brazil', 'Brazil']",Brazil contains the majority of the Amazon rainforest.,1,,,,,,,,,
What is the estimate for the amount of tree species in the amazon tropical rain forest?,"['16,000 species', '16,000', '16,000']","The Amazon rainforest is estimated to contain around 16,000 tree species.",1,,,,,,,,,
Which Florida city has the biggest population?,"['Jacksonville', 'Jacksonville', 'Jacksonville']",Jacksonville has the biggest population of any city in Florida.,1,,,,,,,,,
What was the population Jacksonville city as of 2010?,"['1,345,596', '1,345,596', '1,345,596']","As of 2010, the population of Jacksonville, Florida, was approximately 821,784.",0,,,,,,,,,
"Based on population alone, what is Jacksonville's ranking in the United States?","['12th', '12th', '12th']","As of the latest data, Jacksonville, Florida, ranks as the 12th most populous city in the United States.",1,,,,,,,,,
In which county does Jacksonville reside?,"['Duval', 'Duval County', 'Duval County']","Jacksonville is located in Duval County, Florida.",1,,,,,,,,,
What year did consolidation cause Jacksonville to become part of Duval County?,"['1968', '1968', '1968']",Consolidation caused Jacksonville to become part of Duval County in 1968.,1,,,,,,,,,
When did the 1973 oil crisis begin?,"['October 1973', 'October 1973', 'October 1973', 'October', '1973']","The 1973 oil crisis began on October 17, 1973.",1,,,,,,,,,
What was the price of oil in March of 1974?,"['nearly $12', '$12', '$12', '$12', '$12']","In March 1974, the price of oil was approximately $11.65 per barrel.",1,,,,,,,,,
When was the second oil crisis?,"['1979', '1979', '1979', '1979', '1979']",The second oil crisis occurred in 1979.,1,,,,,,,,,
What was another term used for the oil crisis?,"['first oil shock', 'shock', 'shock', 'first oil shock', 'shock']","Another term used for the oil crisis is the ""oil embargo.""",0,,,,,,,,,
Who proclaimed the oil embargo?,"['members of the Organization of Arab Petroleum Exporting Countries', 'members of the Organization of Arab Petroleum Exporting Countries', 'Organization of Arab Petroleum Exporting Countries', 'members of the Organization of Arab Petroleum Exporting Countries', 'OAPEC']",The oil embargo was proclaimed by the Organization of Arab Petroleum Exporting Countries (OAPEC) in 1973.,1,,,,,,,,,
Construction involves the translation of what?,"['designs into reality', 'designs into reality', 'designs into reality']",Construction involves the translation of design plans and specifications into physical structures.,1,,,,,,,,,
A formal design team may be assembled to do what?,"['plan the physical proceedings, and to integrate those proceedings with the other parts', 'plan the physical proceedings, and to integrate those proceedings with the other parts', 'plan the physical proceedings, and to integrate those proceedings with the other parts']","A formal design team may be assembled to create, develop, and refine products, services, or systems, ensuring they meet user needs, aesthetic standards, and functional requirements. They may also conduct research, collaborate on design concepts, and oversee the implementation of design projects.",1,,,,,,,,,
The design team is most commonly employed by who?,"['the property owner', 'the property owner', 'property owner']","The design team is most commonly employed by companies in industries such as technology, fashion, marketing, architecture, and product development.",0,,,,,,,,,
Who provides the bill of quantities?,"['a quantity surveyor', 'quantity surveyor', 'quantity surveyor']",The bill of quantities is typically provided by a quantity surveyor or a cost estimator.,1,,,,,,,,,
The owner typically awards a contract to who?,"['the most cost efficient bidder', 'the most cost efficient bidder', 'most cost efficient bidder']","The owner typically awards a contract to the bidder who submits the most favorable proposal, often based on criteria such as price, experience, qualifications, and compliance with project requirements.",0,,,,,,,,,
What process do moderate and reformist Islamists work within the boundaries of?,"['democratic', 'democratic process', 'democratic']","Moderate and reformist Islamists typically work within the boundaries of democratic frameworks and promote interpretations of Islam that align with modern values, such as human rights, gender equality, and pluralism. They often seek to engage in political processes, advocate for social justice, and encourage dialogue between different faiths and ideologies.",1,,,,,,,,,
Where does Hamas originate?,"['Palestine', 'Palestine', 'Palestine']","Hamas originated in the Gaza Strip, Palestine, in 1987 during the First Intifada. It was founded as an offshoot of the Egyptian Muslim Brotherhood.",1,,,,,,,,,
What is the goal of Islamist groups like Hezbollah and Hamas?,"['abolish the state of Israel', 'abolish the state of Israel', 'abolish the state of Israel']","The goal of Islamist groups like Hezbollah and Hamas generally includes the establishment of an Islamic state based on their interpretation of Islamic law, resistance against perceived oppression, particularly from Israel and Western influences, and the promotion of political and social agendas aligned with their religious beliefs.",0,,,,,,,,,
What do radical Islamist organizations reject entirely?,"['democracy', 'democracy', 'democracy']","Radical Islamist organizations typically reject secularism, Western influence, and any form of governance that is not based on their interpretation of Islamic law (Sharia). They often oppose pluralism and democratic principles, viewing them as incompatible with their beliefs.",1,,,,,,,,,
On what basis do the radical Islamist organizations conduct their attacks?,"['religious', 'religious', 'religious']","Radical Islamist organizations often conduct attacks based on a combination of ideological, political, and religious motivations. Key factors include:

1. **Ideology**: A belief in a strict interpretation of Islam and the desire to establish a caliphate or implement Sharia law.
2. **Political Grievances**: Opposition to foreign intervention, perceived injustices against Muslims, and local governance issues.
3. **Sectarianism**: Conflicts between different Islamic sects, particularly Sunni and Shia.
4. **Recruitment and Propaganda**: Use of social media and propaganda to radicalize individuals and justify violence.
5. **Retaliation**: Acts of violence as a response to military actions against them or their communities.

These factors can vary significantly among different groups and contexts.",1,,,,,,,,,
What is Southern California often abbreviated as?,"['SoCal', 'SoCal', 'SoCal']",Southern California is often abbreviated as SoCal.,1,,,,,,,,,
"Despite being traditionall described as ""eight counties"", how many counties does this region actually have?","['10 counties', '10', '10']","The region traditionally described as ""eight counties"" actually has nine counties.",0,,,,,,,,,
What is a major importance of Southern California in relation to California and the United States?,"['economic center', 'major economic center', 'economic center']","Southern California is a major economic, cultural, and demographic hub for both California and the United States. It is home to significant industries such as entertainment (Hollywood), technology, tourism, and agriculture. The region also has a diverse population and serves as a gateway for international trade, particularly with Asia, due to its ports. Additionally, Southern California's climate and lifestyle attract millions of visitors and new residents, influencing trends and culture nationwide.",1,,,,,,,,,
"What are the ties that best described what the ""eight counties"" are based on?","['demographics and economic ties', 'economic', 'demographics and economic']","The ""eight counties"" typically refer to the eight counties in the state of Virginia that were historically significant during the colonial period. They are often tied to early governance, land grants, and settlement patterns. However, if you meant a different context or location, please clarify.",0,,,,,,,,,
The reasons for the las two counties to be added are based on what?,"['historical political divisions', 'historical political divisions', 'historical political divisions']",I don't know.,0,,,,,,,,,
Who is the chair of the IPCC?,"['Hoesung Lee', 'Hoesung Lee', 'Hoesung Lee']","As of my last knowledge update, the chair of the IPCC (Intergovernmental Panel on Climate Change) is Hoesung Lee. However, please verify for the most current information, as leadership positions can change.",1,,,,,,,,,
What nationality is Hoesung Lee?,"['Korean', 'onomist', 'Korean']",Hoesung Lee is South Korean.,1,,,,,,,,,
Who is the vice-chair of the IPCC?,"['Ismail El Gizouli', 'Ismail El Gizouli', 'Ismail El Gizouli']",I don't know.,0,,,,,,,,,
Who was the first chair of the IPCC?,"['Bert Bolin', 'Bert Bolin', 'Bert Bolin']",The first chair of the Intergovernmental Panel on Climate Change (IPCC) was Dr. Bert Bolin.,1,,,,,,,,,
When did Pachauri resign as chair of the IPCC?,"['February 2015', 'February 2015', 'February 2015']","Rajendra Pachauri resigned as chair of the IPCC on February 24, 2015.",1,,,,,,,,,
What is a mechanical barrier in insects that protects the insect?,"['exoskeleton', 'exoskeleton', 'exoskeleton']","A mechanical barrier in insects that protects them is their exoskeleton. This hard outer structure provides physical protection against predators, environmental hazards, and helps prevent water loss.",1,,,,,,,,,
What is an example of a mechanical barrier on leaves?,"['The waxy cuticle', 'waxy cuticle', 'waxy cuticle']","An example of a mechanical barrier on leaves is the cuticle, a waxy layer that helps reduce water loss and protect against herbivores and pathogens.",1,,,,,,,,,
What responses protect the lungs by mechanically ejecting pathogens from the respiratory system?,"['coughing and sneezing', 'coughing and sneezing', 'coughing and sneezing']",Coughing and sneezing are the primary responses that protect the lungs by mechanically ejecting pathogens from the respiratory system.,1,,,,,,,,,
What is secreted by the respiratory tract to trap microorganisms?,"['mucus', 'mucus', 'mucus']",Mucus is secreted by the respiratory tract to trap microorganisms.,1,,,,,,,,,
The flushing action of what expels pathogens from the eyes?,"['tears', 'tears', 'tears']",The flushing action of tears expels pathogens from the eyes.,1,,,,,,,,,
Who is on the IPCC Panel?,"['representatives appointed by governments and organizations', 'representatives appointed by governments and organizations', 'representatives appointed by governments and organizations']","The Intergovernmental Panel on Climate Change (IPCC) is made up of scientists and experts from various countries, representing a wide range of disciplines related to climate science. The panel includes authors, reviewers, and contributors from academia, government, and research institutions. The specific members can change with each assessment cycle. For the most current list, you can refer to the IPCC's official website.",1,,,,,,,,,
How many people attended the 2003 IPCC meeting?,"['350', '350', '350']",I don't know.,0,,,,,,,,,
What kind of people attend the IPCC meetings?,"['government officials and climate change experts', 'government officials and climate change experts', 'government officials and climate change experts']","IPCC meetings are attended by climate scientists, researchers, policymakers, government representatives, and experts from various fields related to climate change. Additionally, representatives from non-governmental organizations (NGOs) and international organizations may also participate.",1,,,,,,,,,
How much of the IPCC attendees are government representatives?,"['about seven-eighths', 'seven-eighths', 'about seven-eighths']",I don't know.,0,,,,,,,,,
"In a computational problem, what can be described as a string over an alphabet?","['problem instance', 'a problem instance', 'problem instance']","A string over an alphabet is a finite sequence of symbols chosen from that alphabet. For example, if the alphabet is {a, b}, then ""abba"" and ""a"" are strings over that alphabet.",0,,,,,,,,,
What is the name of the alphabet is most commonly used in a problem instance?,"['binary alphabet', 'binary', 'binary']",The most commonly used alphabet in problem instances is the Latin alphabet.,0,,,,,,,,,
What is another term for the string of a problem instance?,"['bitstrings', 'bitstrings', 'bitstrings']","Another term for the string of a problem instance is ""input representation.""",0,,,,,,,,,
"In the encoding of mathematical objects, what is the way in which integers are commonly expressed?","['binary notation', 'binary notation', 'binary notation']","Integers are commonly expressed in decimal (base 10) notation, but they can also be represented in other bases such as binary (base 2), hexadecimal (base 16), or octal (base 8).",0,,,,,,,,,
What is one way in which graphs can be encoded? ,"['adjacency matrices', 'directly via their adjacency matrices']","One way to encode graphs is through an **adjacency matrix**, where rows and columns represent vertices, and the entries indicate the presence or absence of edges between them.",1,,,,,,,,,
Who wrote that it is difficult to produce an all inclusive definition of civil disobedience?,"['LeGrande', 'LeGrande', 'LeGrande', 'LeGrande', 'LeGrande']",The statement about the difficulty of producing an all-inclusive definition of civil disobedience is often attributed to political theorist John Rawls.,0,,,,,,,,,
Le Grande also wrote that defining the term civil disobedience so difficult it could be described as? ,"['impossible', 'a maze of semantical problems and grammatical niceties', 'impossible', 'impossible']","Le Grande suggested that defining civil disobedience is so difficult it could be described as ""elusive"" or ""ambiguous.""",0,,,,,,,,,
Le grand asks for a variance of what three terms?,"['lawful protest demonstration, nonviolent civil disobedience, and violent civil disobedience', 'lawful protest demonstration, nonviolent civil disobedience, and violent civil disobedience', 'lawful protest demonstration, nonviolent civil disobedience, and violent civil disobedience', 'lawful protest demonstration, nonviolent civil disobedience, and violent civil disobedience', 'lawful protest demonstration, nonviolent civil disobedience, and violent civil disobedience']","Le Grand typically asks for a variance of the terms ""mean,"" ""variance,"" and ""standard deviation.""",0,,,,,,,,,
Le grand states that students studying civil disobedience will often run into grammatical niceties and what other problem? ,"['semantical', 'semantical', 'a maze of semantical problems', 'semantical', 'semantical problems']",Le Grand states that students studying civil disobedience will often run into grammatical niceties and the problem of moral ambiguity.,0,,,,,,,,,
Le grand concludes that an author's words offer only what they intended for them to imply regarding this type of terminology?,"['specific', 'civil disobedience', 'specific', 'specific']","Le Grand suggests that an author's words convey only the meanings they intended, emphasizing the importance of authorial intent in interpreting terminology.",0,,,,,,,,,
Who said that writing a good description of civil disobedience is hard?,"['LeGrande', 'LeGrande', 'LeGrande', 'LeGrande', 'LeGrande']",I don't know.,0,,,,,,,,,
How much literature has been written regarding civil disobedience?,"['voluminous literature', 'voluminous', 'voluminous', 'voluminous']","A substantial amount of literature has been written on civil disobedience, spanning philosophical, historical, and legal perspectives. Key works include those by Henry David Thoreau, Martin Luther King Jr., and Mahatma Gandhi, as well as numerous academic articles and books analyzing its implications and effectiveness. The topic is widely discussed in political theory, ethics, and social movements, making it a rich field of study.",0,,,,,,,,,
What issue plagues the literature about civil disobedience?,"['semantical problems and grammatical niceties', 'maze of semantical problems and grammatical niceties', 'semantical problems and grammatical niceties', 'semantical problems and grammatical niceties']","One major issue that plagues the literature on civil disobedience is the lack of consensus on its definition and moral justification. Scholars often disagree on what constitutes legitimate civil disobedience versus unlawful behavior, as well as the ethical implications of breaking laws for social change. This ambiguity can lead to varied interpretations and applications in different contexts.",0,,,,,,,,,
What type of protest falls under civil disobedience without aggression?,"['nonviolent civil disobedience', 'nonviolent civil disobedience', 'nonviolent', 'nonviolent', 'nonviolent']","Nonviolent protest falls under civil disobedience without aggression. This includes actions like sit-ins, peaceful marches, and boycotts.",1,,,,,,,,,
What type of civil disobedience is accompanied by aggression?,"['violent civil disobedience', 'violent civil disobedience', 'violent', 'violent', 'violent']","Civil disobedience accompanied by aggression is often referred to as ""violent civil disobedience"" or ""militant resistance."" This approach involves the use of force or aggressive tactics to challenge laws or policies, contrasting with nonviolent civil disobedience, which seeks to achieve change through peaceful means.",1,,,,,,,,,
What president eliminated the Christian position in the curriculum?,"['Charles W. Eliot', 'Charles W. Eliot', 'Charles W. Eliot']","The Supreme Court decision in 1962, which ruled that school-sponsored prayer was unconstitutional, is often associated with the removal of Christian practices from public school curricula. This decision was not directly made by a president but rather by the judiciary. However, President John F. Kennedy was in office at the time and supported the separation of church and state.",0,,,,,,,,,
What conviction motivated Eliot to move towards secularization?,"['Transcendentalist Unitarian', 'Transcendentalist Unitarian', 'Transcendentalist Unitarian']","Eliot was motivated by a conviction that secularization could lead to a more rational and ethical society, free from the constraints of dogma and religious authority. He believed in the importance of individual experience and reason in shaping moral values.",0,,,,,,,,,
From whom were the movement that Eliot followed derived?,"['William Ellery Channing and Ralph Waldo Emerson', 'William Ellery Channing and Ralph Waldo Emerson', 'William Ellery Channing and Ralph Waldo Emerson']","T.S. Eliot was influenced by various movements, primarily Modernism, which drew from earlier literary traditions, including Symbolism and Imagism. He was also influenced by philosophers like Friedrich Nietzsche and Henri Bergson, as well as the works of poets such as Charles Baudelaire and Ezra Pound.",0,,,,,,,,,
Vice President Agnew describes Civil disobedience in what activities?,"['muggers, arsonists, draft evaders, campaign hecklers, campus militants, anti-war demonstrators, juvenile delinquents and political assassins', 'civil disobedience', 'muggers, arsonists, draft evaders, campaign hecklers, campus militants, anti-war demonstrators, juvenile delinquents and political assassins', 'muggers, arsonists, draft evaders, campaign hecklers, campus militants, anti-war demonstrators, juvenile delinquents and political assassins', 'activities of muggers, arsonists, draft evaders, campaign hecklers, campus militants, anti-war demonstrators, juvenile delinquents and political assassins']","Vice President Spiro Agnew criticized civil disobedience in the context of protests against the Vietnam War, counterculture movements, and actions that he viewed as undermining law and order. He associated it with riots, vandalism, and other forms of disruption that challenged governmental authority.",0,,,,,,,,,
Civil disobedience has been argued in more recent times to have suffered from what?,"['ambiguity', 'debased', 'ambiguity', 'ambiguity', 'ambiguity']","Civil disobedience has been argued to have suffered from a loss of effectiveness and legitimacy, often due to increased polarization, the rise of digital activism, and the perception that it can lead to violence or chaos. Additionally, some argue that it has become less impactful in a society where many forms of protest are commonplace.",0,,,,,,,,,
More in the present prevalence of civil disobedience has turned and said to be?,"['utterly debased', 'debased', 'everything from bringing a test-case in the federal courts to taking aim at a federal official', 'utterly debased']","The present prevalence of civil disobedience is often seen as a response to perceived injustices, government overreach, or social issues. It is characterized by nonviolent resistance and aims to raise awareness and prompt change.",0,,,,,,,,,
What person argues that civil disobedience is used to describe everything?,"['Marshall Cohen', 'Marshall Cohen', 'Marshall Cohen', 'Marshall Cohen', 'Marshall Cohen']",I don't know.,0,,,,,,,,,
"In modern times, what is said about civil disobedience?","['become utterly debased', 'utterly debased', 'in modern times, become utterly debased', 'become utterly debased', 'become utterly debased']","In modern times, civil disobedience is often viewed as a legitimate form of protest against unjust laws or government actions. It is seen as a way for individuals to express dissent and advocate for social change, emphasizing moral responsibility over legal compliance. However, opinions vary on its effectiveness and ethical implications, with some arguing it can lead to chaos, while others see it as a vital tool for democracy and justice.",0,,,,,,,,,
Who noted the different current uses of civil disobedience?,"['Marshall Cohen', 'Marshall Cohen', 'Marshall Cohen', 'Marshall Cohen', 'President Agnew']","Henry David Thoreau is often credited with articulating the concept of civil disobedience in his essay ""Civil Disobedience,"" where he discusses its moral implications and uses. However, various scholars and activists have noted its different current uses over time.",0,,,,,,,,,
How has civil disobedience evolved in current times?,"['code-word describing the activities of muggers, arsonists, draft evaders', 'utterly debased', 'become utterly debased', 'become utterly debased', 'become utterly debased']","Civil disobedience has evolved with the rise of digital activism and social media, allowing for broader mobilization and awareness. Movements now often utilize online platforms for organization, communication, and fundraising. Additionally, contemporary civil disobedience often emphasizes intersectionality, addressing multiple social justice issues simultaneously. The tactics have also diversified, incorporating nonviolent protests, art, and direct action, while facing increased scrutiny and legal challenges.",0,,,,,,,,,
Who gave a negative connotation to civil disobedience in recent history?,"['Vice President Agnew', 'Vice President Agnew', 'Vice President Agnew', 'Vice President Agnew', 'Marshall Cohen']","In recent history, various political leaders and commentators have given a negative connotation to civil disobedience, often labeling it as lawlessness or anarchy. Specific individuals may vary by context and region, but figures like former U.S. President Donald Trump and some conservative commentators have criticized civil disobedience movements, particularly during protests.",0,,,,,,,,,
What issue has been plaguing the civil disobedience movement.,"['ambiguity', 'ambiguity', 'ambiguity', 'ambiguity']","The civil disobedience movement has often faced issues such as government repression, public backlash, internal divisions, and challenges in maintaining nonviolent principles. Additionally, the effectiveness of the movement can be hindered by a lack of clear goals or widespread public support.",0,,,,,,,,,
