b  question,answers,gen_answer,truth
"who introduced modern methods of surgery, such as antiseptics, sterilization, and washing hands? brainly",Joseph Lister,"Joseph Lister, a British surgeon, is credited with introducing modern methods of surgery, including the use of antiseptics, sterilization, and washing hands. He pioneered the use of carbolic acid as an antiseptic in 1865, which significantly reduced post-operative infections and mortality rates.",1
what kind of government was chiang kai-shek trying to build in china,Chiang Kai-Shek was trying to build a Communist government in China.,"Chiang Kai-shek, the leader of the Nationalist Party (KMT) in China, was trying to build a centralized, authoritarian, and nationalist government in China. He aimed to unify the country and establish a strong, modern state, modeled after Western democracies. However, his government was criticized for being authoritarian, corrupt, and repressive, particularly during the 1920s to 1940s.",0
president adams,"John Quincy Adams was an American statesman who served as a diplomat, minister and ambassador to foreign nations, and treaty negotiator, United States Senator, U.S. Representative from Massachusetts, and the sixth President of the United States from 1825 to 1829.","You're referring to John Adams, the 2nd President of the United States. He served from 1797 to 1801 and was a Founding Father and one of the key figures in the American Revolution.",0
define semitic,"A member of any of a number of peoples of ancient southwestern Asia including the Akkadians, Phoenicians, Hebrews and Arabsb.","Semitic refers to a language family that originated in the Middle East and includes languages such as Arabic, Hebrew, Amharic, and others. The term ""Semitic"" comes from the name of Shem, one of the sons of Noah in the biblical account, who is believed to be the ancestor of the Semitic peoples.

Semitic languages are characterized by certain linguistic features, such as:

1. Trilateral root system: Many Semitic languages use a system of trilateral roots, where a word is built around a three-letter root that conveys a specific meaning.
2. Patterned morphology: Semitic languages often have a complex system of prefixes, suffixes, and infixes that are used to indicate grammatical function and relationships.
3. Use of consonants: Semitic languages tend to use consonants more frequently than vowels, and often have a distinctive set of consonantal sounds.

Some of the most well-known Semitic languages include:

* Arabic: spoken by over 300 million people, primarily in the Middle East and North Africa
* Hebrew: spoken by around 9 million people, primarily in Israel and the diaspora
* Amharic: spoken by around 25 million people, primarily in Ethiopia
* Tigrinya: spoken by around 6 million people, primarily in Eritrea and Ethiopia

Overall, the term ""Semitic"" refers to a language family that is characterized by its unique linguistic features and is spoken by millions of people around the world.",1
what is wudfhost service,It is a set of Microsoft tools that aid in the creation of device drivers for Windows.,"Wudfhost is a Windows service that manages the Windows Driver Foundation (WDF) framework, which is used by device drivers to interact with the Windows operating system. The Wudfhost service is responsible for hosting and managing WDF drivers, allowing them to communicate with the operating system and perform tasks such as device initialization, data transfer, and error handling.

In particular, Wudfhost provides the following functions:

1. Driver loading and unloading: Wudfhost loads and unloads WDF drivers as needed, ensuring that only authorized drivers are running on the system.
2. Driver management: Wudfhost manages the lifecycle of WDF drivers, including initialization, shutdown, and error handling.
3. Resource allocation: Wudfhost allocates system resources, such as memory and I/O ports, to WDF drivers as needed.
4. Communication with the operating system: Wudfhost provides a communication channel between WDF drivers and the operating system, allowing drivers to request and receive system services.

Wudfhost is a critical system service that is required for many Windows devices and applications to function properly. It is typically started automatically by the operating system during the boot process and runs in the background, managing WDF drivers and ensuring that devices and applications can communicate with the system correctly.",1
what is an overactive pancreas,"An overactive pancrease would produce more enzymes, but in the Islets of Langerhans, it could also produce too much insulin. Too much insulin in the blood could produce Hypoglycemia or low blood sugar.This is sometimes called pre-diabetes.","An overactive pancreas, also known as hyperinsulinemia, is a condition where the pancreas produces excessive amounts of insulin, a hormone that regulates blood sugar levels. This can occur due to various reasons, such as:

1. Insulinoma: A benign tumor in the pancreas that produces excess insulin.
2. Insulin resistance: The body's cells become less responsive to insulin, leading to increased insulin production.
3. Pancreatic hyperplasia: The pancreas produces excess insulin due to an overgrowth of insulin-producing cells.
4. Genetic disorders: Certain genetic conditions, such as maturity-onset diabetes of the young (MODY), can cause an overactive pancreas.

Symptoms of an overactive pancreas may include:

* Hypoglycemia (low blood sugar)
* Weight gain
* Fatigue
* Increased hunger
* Numbness or tingling in the hands and feet
* Confusion or disorientation

Treatment for an overactive pancreas typically involves medication to reduce insulin production, such as diazoxide, or surgery to remove the tumor or affected part of the pancreas. In some cases, lifestyle changes, such as a healthy diet and regular exercise, may also be recommended.",1
where is ATP synthase located,In the mitochondria,ATP synthase is located in the mitochondrial inner membrane of eukaryotic cells and in the plasma membrane of prokaryotic cells.,1
what kind of bond is created by the attraction between atomic particles of opposite charge?,Ionic,The attraction between atomic particles of opposite charge creates an ionic bond.,1
how much money does a athletic trainer trainer get a year,"$38,000 to $82,000 per year","The annual salary of an athletic trainer can vary depending on factors such as location, employer, level of experience, and certification. According to the Bureau of Labor Statistics (BLS), the median annual salary for athletic trainers in the United States was $49,860 in May 2020.

Here are some average annual salary ranges for athletic trainers in different industries:

1. High schools: $35,000 - $50,000
2. Colleges and universities: $40,000 - $60,000
3. Professional sports teams: $50,000 - $80,000
4. Hospitals and clinics: $45,000 - $70,000
5. Private practices: $50,000 - $100,000

Certification can also impact salary. According to the National Athletic Trainers' Association (NATA), certified athletic trainers (ATCs) tend to earn higher salaries than non-certified trainers.",1
how long before rigor sets in,12 hour,"Rigor mortis, the stiffening of the body after death, typically sets in within 3 to 4 hours after death, but can occur as early as 1 hour or as late as 12 hours. The exact timing depends on various factors, such as:

1. Environmental temperature: Higher temperatures can accelerate the onset of rigor mortis.
2. Physical activity before death: If the person was physically active before death, rigor mortis may set in sooner.
3. Age and health: Older adults or those with underlying medical conditions may experience a slower onset of rigor mortis.
4. Cause of death: The type and severity of the cause of death can influence the timing of rigor mortis.

Keep in mind that rigor mortis is a natural process and is not a reliable indicator of time since death. Forensic experts use a combination of factors, including the body's condition, temperature, and other evidence, to estimate the time since death.",1
stock dow highest,"The Dow's highest closing record is 21,115.55.","The highest closing value of the Dow Jones Industrial Average (DJIA) is 29,551.42, which was reached on February 12, 2020.",0
what is the color code for a rainbow,"In rainbow, the code for red is #FF0000, #FF7F00 for orange and #FFFF00 for yellow.","The traditional color code for a rainbow, often remembered using the acronym ROY G BIV, is:

1. Red
2. Orange
3. Yellow
4. Green
5. Blue
6. Indigo
7. Violet

This order corresponds to the colors of the visible spectrum of light, typically observed in a rainbow after a rain shower.",0
charity navigator definition,Charity Navigator is an American independent charity watchdog organization that evaluates charitable organizations in the United States.,"According to Charity Navigator, a non-profit organization that evaluates charities, their definition is:

""Charity Navigator is America's largest independent charity evaluator. We evaluate more than 8,000 charities each year and provide in-depth ratings and analysis of their financial health, accountability, and transparency. Our ratings are based on a charity's financial health, accountability, and transparency, and are designed to help donors make informed decisions about their giving.""",1
can ativan be used for insomnia,Yes,"Yes, Ativan (lorazepam) can be used to treat insomnia, but it is not typically the first-line treatment for this condition. Ativan is a benzodiazepine, a class of medications that can help individuals fall asleep faster and stay asleep longer. However, it is often prescribed for short-term use due to the risk of dependence and withdrawal symptoms.

Ativan can be effective for insomnia in certain situations, such as:

1. Acute insomnia: Ativan can help individuals with acute insomnia, which is characterized by difficulty sleeping due to stress, anxiety, or other temporary factors.
2. Short-term use: Ativan can be used for short-term insomnia treatment, typically up to 2-4 weeks, under the guidance of a healthcare professional.
3. Combination therapy: Ativan may be used in combination with other sleep aids or medications to treat insomnia.

However, it is essential to note that Ativan is not recommended for long-term use due to the risk of:

1. Dependence: Ativan can lead to physical dependence, making it difficult to stop using the medication without experiencing withdrawal symptoms.
2. Tolerance: Regular use of Ativan can lead to tolerance, requiring higher doses to achieve the same effects.
3. Side effects: Ativan can cause side effects such as drowsiness, dizziness, and memory impairment, which can impact daily life.

Before using Ativan for insomnia, it is crucial to consult with a healthcare professional to discuss the potential benefits and risks. They can help determine the best course of treatment and monitor the individual's response to the medication.",1
who is gal rimon gameffective,Founder and ceo of gameffective.,"Gal Rimon is the CEO and Co-Founder of Gameffective, a leading employee engagement and gamification platform.",1
what can you eat if you have gout?,"Chicken or duck, red meat, pork, and turkey.","If you have gout, it's essential to follow a diet that helps manage uric acid levels and reduces inflammation. Here are some foods that are considered safe and beneficial:

1. Lean proteins: Chicken, turkey, fish (except anchovies and sardines), tofu, and low-fat dairy products.
2. Fresh fruits: Most fruits are low in purines, except for cherries, which have anti-inflammatory properties. Berries, citrus fruits, and apples are good options.
3. Leafy greens: Spinach, kale, collard greens, and other leafy greens are low in purines and rich in antioxidants.
4. Whole grains: Brown rice, quinoa, whole-wheat bread, and whole-grain pasta are good sources of fiber and nutrients.
5. Nuts and seeds: Almonds, sunflower seeds, pumpkin seeds, and flaxseeds are rich in healthy fats and antioxidants.
6. Healthy fats: Avocado, olive oil, and fatty fish (except anchovies and sardines) are good sources of healthy fats.
7. Low-fat dairy: Milk, yogurt, and cheese (except high-purine cheese like organ meats and seafood) are good sources of calcium and protein.

Foods to limit or avoid:

1. Organ meats: Liver, kidney, and sweetbreads are high in purines and should be avoided.
2. Seafood: Anchovies, sardines, mackerel, and scallops are high in purines and should be limited.
3. Red meat: Beef, pork, and lamb are high in purines and should be limited.
4. Processed meats: Hot dogs, sausages, and bacon are high in purines and should be avoided.
5. High-purine vegetables: Peas, beans, lentils, and mushrooms are high in purines and should be limited.
6. Sugary drinks: Avoid sugary drinks like soda, sports drinks, and sweet tea, as they can increase uric acid levels.
7. Refined carbohydrates: White bread, sugary snacks, and processed grains can cause a spike in blood sugar and insulin levels, which can worsen gout symptoms.

Remember to consult with your doctor or a registered dietitian for personalized dietary advice on managing gout.",0
indication that a breastfed baby is getting an adequate amount of milk is,The first dark stools passed by the baby to yellow stools by Day 5 and three to four stools per day by the fourth day of life.,"A breastfed baby is getting an adequate amount of milk if they:

1. Have 6-8 wet diapers per day
2. Have 1-2 bowel movements per day
3. Are gaining weight at a rate of 1-2 ounces per day
4. Are active, alert, and content
5. Have a good latch and are feeding effectively
6. Are able to breastfeed frequently, with a good flow of milk during each feeding
7. Have a soft, supple skin
8. Have a good appetite and are able to finish each feeding

It's also important to note that breastfed babies may have a different pattern of wet diapers and bowel movements compared to formula-fed babies.",0
what degree do you have to get to a engineer,"An engineer's degree is an advanced academic degree in engineering that is conferred in Europe, some countries of Latin America, and a few institutions in the United States.","To become an engineer, you typically need to earn a bachelor's degree in a specific engineering field, such as:

1. Bachelor of Science in Engineering (BSE)
2. Bachelor of Engineering (BE)
3. Bachelor of Science in Engineering Technology (BSET)
4. Bachelor of Technology (BT)

Some common engineering fields and their typical degree requirements are:

1. Aerospace Engineering: BSE or BE in Aerospace Engineering
2. Biomedical Engineering: BSE or BE in Biomedical Engineering
3. Chemical Engineering: BSE or BE in Chemical Engineering
4. Civil Engineering: BSE or BE in Civil Engineering
5. Computer Engineering: BSE or BE in Computer Engineering
6. Electrical Engineering: BSE or BE in Electrical Engineering
7. Environmental Engineering: BSE or BE in Environmental Engineering
8. Mechanical Engineering: BSE or BE in Mechanical Engineering
9. Software Engineering: BSE or BE in Computer Science or Software Engineering

Note that some universities may offer a 5-year Bachelor's/Master's program, which allows students to earn both degrees simultaneously. Additionally, some engineers may choose to pursue a master's or doctoral degree (MS or Ph.D.) for advanced research or specialized knowledge.",1
average time for va claim to be processed,900 days,"According to the United States Department of Veterans Affairs (VA), the average processing time for a VA claim varies depending on the type of claim and the complexity of the case. However, here are some general guidelines:

* Compensation and Pension (C&P) claims: 120-180 days (4-6 months)
* Disability Compensation claims: 150-240 days (5-8 months)
* Pension claims: 120-180 days (4-6 months)
* Education and Training claims: 60-120 days (2-4 months)
* Home Loan Guaranty claims: 30-60 days (1-2 months)

It's important to note that these are general estimates and processing times can vary significantly depending on the specific circumstances of the claim. The VA has implemented various initiatives to improve processing times, including the use of technology and increased staffing.

It's also important to note that the VA has a ""Priority Claims"" system, which allows for expedited processing of claims that are deemed to be urgent or critical. This can include claims related to serious illnesses, injuries, or other life-threatening conditions.

It's always a good idea to check the status of your claim online or by contacting the VA directly to get the most up-to-date information on processing times.",0
what year was the xbox released,2001,The original Xbox was released in 2001.,1
where is the deepest body of ocean,Mariana Trench,"The deepest body of ocean is the Mariana Trench, specifically the Challenger Deep, which is located in the Pacific Ocean. It has a depth of approximately 35,787 feet (10,902 meters).",1
which is better for you aspirin or ibuprofen,Aspirin,"Both aspirin and ibuprofen are effective pain relievers, but they have different mechanisms of action and side effect profiles. The choice between the two depends on the specific condition being treated and individual patient factors.

Aspirin is a nonsteroidal anti-inflammatory drug (NSAID) that is often used to:

* Relieve mild to moderate pain
* Reduce fever
* Prevent blood clots

Aspirin is generally recommended for:

* Headaches
* Migraines
* Muscle aches
* Fever reduction

However, aspirin can cause stomach upset, bleeding, and interact with certain medications.

Ibuprofen, also an NSAID, is often used to:

* Relieve mild to moderate pain
* Reduce inflammation
* Relieve menstrual cramps

Ibuprofen is generally recommended for:

* Headaches
* Migraines
* Arthritis
* Menstrual cramps

Ibuprofen may be a better choice than aspirin for:

* Patients with stomach issues, as it is less likely to cause stomach upset
* Patients taking anticoagulant medications, as it is less likely to increase bleeding risk

In general, if you're looking for a pain reliever for mild to moderate pain, either aspirin or ibuprofen can be effective. However, if you have a history of stomach issues or are taking anticoagulant medications, ibuprofen may be a better choice. Always consult with your healthcare provider before taking any medication.",0
what is the difference between conductivity and resistivity,"Conductivity is the electrical current flow, while resistivity is a measure of the material's ability to oppose electric current.","Conductivity and resistivity are two related but opposite properties of a material that describe its ability to conduct electricity.

Conductivity (σ) is the ability of a material to conduct electricity, measured in Siemens per meter (S/m). It is defined as the inverse of resistivity. Conductivity is high in materials that can easily conduct electricity, such as copper and silver.

Resistivity (ρ) is the opposition to the flow of electric current, measured in Ohm-meters (Ωm). It is a measure of how difficult it is for electricity to flow through a material. Resistivity is high in materials that are poor conductors of electricity, such as glass and rubber.

The key difference between conductivity and resistivity is that conductivity is a measure of how easily a material can conduct electricity, while resistivity is a measure of how difficult it is for electricity to flow through a material.",1
how soon can nausea start in pregnancy,As early as the second week of your pregnancy.,"Nausea, also known as morning sickness, can start as early as 2-4 weeks into pregnancy, but it typically begins around 6-8 weeks. However, some women may experience nausea earlier or later in their pregnancy.",1
what is a nata,It is the authority that provides independent assurance of technical competence through a proven network of best practice industry experts for customers who require confidence.,"A nata is a type of Portuguese egg tart pastry. It is a traditional dessert that consists of an outer crust made from pastry dough, filled with a creamy egg custard. The custard is typically made with eggs, sugar, and cream, and is baked in the pastry shell until golden brown. Natas are often served as a snack or dessert, and are a popular treat in Portugal and other Portuguese-speaking countries.",0
what is a palliative consult,"Palliative Care Program is a specialized service providing pain and symptom management, counseling, support and guidance in navigating health care options and choices.","A palliative consult is a medical consultation with a palliative care team, typically a multidisciplinary group of healthcare professionals, including physicians, nurses, social workers, and other specialists. The goal of a palliative consult is to provide comprehensive care to patients with serious or life-limiting illnesses, focusing on relieving their symptoms, improving their quality of life, and addressing their physical, emotional, social, and spiritual needs.

Palliative care is often provided in conjunction with curative treatment, and its primary aim is to improve the patient's comfort, function, and overall well-being, rather than solely focusing on curing the underlying disease. Palliative care can be provided in various settings, including hospitals, outpatient clinics, hospices, and long-term care facilities.

During a palliative consult, the team assesses the patient's symptoms, such as pain, nausea, shortness of breath, and fatigue, and develops a personalized plan to manage these symptoms. They also address the patient's emotional and spiritual needs, as well as those of their family and caregivers.

Common services provided by a palliative care team include:

1. Symptom management: Pain, nausea, shortness of breath, and other symptoms are assessed and managed using a variety of medications and non-pharmacological interventions.
2. Communication: The team facilitates open and honest communication between the patient, family, and healthcare providers to ensure that everyone is aware of the patient's goals, values, and preferences.
3. Advance care planning: The team helps patients and families develop advance care plans, including advance directives, living wills, and power of attorney for healthcare decisions.
4. Coordination: The team coordinates care with other healthcare providers, ensuring that the patient receives comprehensive and consistent care.
5. Support: The team provides emotional and spiritual support to patients and their families, helping them cope with the challenges of serious illness.

By providing palliative care, healthcare providers can improve the quality of life for patients with serious illnesses, reduce suffering, and enhance their overall well-being.",0
what is the survival rate for ovarian cancer,57% to 90%,"The overall 5-year survival rate for ovarian cancer is around 47%, according to the American Cancer Society. However, this rate varies depending on the stage at which the cancer is diagnosed and treated.

Here are the 5-year survival rates for ovarian cancer by stage:

* Stage I: 92%
* Stage II: 71%
* Stage III: 36%
* Stage IV: 27%

It's important to note that these rates are based on data from the National Cancer Institute's Surveillance, Epidemiology, and End Results (SEER) program, which covers about 34% of the US population. Survival rates may be different in other populations.",0
bible names meaning jeremy,"The meaning of name Jeremy is ""god will uplift"".","The name Jeremy is derived from the Hebrew name ""Yirmeyahu"" (ירמיהו), which means ""God will uplift"" or ""God will exalt"".",1
where does the nile river end/,Mediterranean Sea,"The Nile River ends in Egypt, specifically in the Mediterranean Sea.",1
what county is elkader iowa in,Clayton,"Elkader, Iowa is located in Clayton County.",1
what does ear wax color mean,"If your wax is dark, that means the wax is filled with debris, dust, dirt, and microorganisms.","Earwax color can provide clues about the health of your ears and overall well-being. Here's a general guide to earwax colors and their possible meanings:

1. Yellow or Brown Earwax:
	* Normal earwax color, indicating a healthy ear canal.
2. Dark Brown or Black Earwax:
	* May indicate excessive earwax buildup or a buildup of debris, dirt, or dust.
	* Could be a sign of earwax impaction, which can cause hearing loss, itching, or discomfort.
3. Gray or White Earwax:
	* May indicate an infection, such as otitis externa (swimmer's ear), or an allergic reaction.
	* Could be a sign of a fungal or bacterial infection, which can cause itching, redness, or discharge.
4. Green or Yellow-Green Earwax:
	* Typically indicates the presence of pus or an infection, such as otitis media (middle ear infection).
	* May be a sign of a bacterial or fungal infection, which can cause fever, ear pain, or discharge.
5. Red or Pink Earwax:
	* May indicate inflammation or irritation, possibly due to excessive ear cleaning, earbuds, or earplugs.
	* Could be a sign of an allergic reaction or an infection, which can cause itching, redness, or discharge.

Keep in mind that earwax color alone is not always a reliable indicator of ear health. If you're concerned about your earwax color or experience any ear-related symptoms, it's best to consult a healthcare professional for a proper evaluation and treatment.",1
executive officer meaning,"An executive officer (often abbreviated XO) is generally a person responsible for running an organization, although the exact nature of the role varies depending on the organization.","An Executive Officer (XO) is a high-ranking officer in a military, naval, or other organization who serves as the second-in-command to the commanding officer. The XO is responsible for assisting the commanding officer in making decisions, overseeing daily operations, and managing personnel. They often have a wide range of responsibilities, including:

* Assisting the commanding officer in planning and executing missions
* Supervising and coordinating the activities of other officers and personnel
* Managing budgets, resources, and logistics
* Providing counsel and advice to the commanding officer
* Acting as the commanding officer in their absence

In a naval context, the Executive Officer is often responsible for the day-to-day operations of the ship or vessel, and is typically the most senior officer on board after the commanding officer.",1
lanark what county,Lanark is in Lanark County.,"Lanark is a county in South Lanarkshire, Scotland.",0
what county is vega tx in,Oldham County,"Vega, Texas is located in Wilbarger County.",0
chicago illinois is in what county,Cook,"Chicago, Illinois is located in Cook County.",1
is canola oil unhealthy,No,"Canola oil is generally considered a healthy choice, but it's not entirely without controversy. Here are some points to consider:

Pros:

1. Low in saturated fats: Canola oil is primarily composed of monounsaturated and polyunsaturated fats, which are considered healthier than saturated fats.
2. High in omega-3 fatty acids: Canola oil is a good source of alpha-linolenic acid (ALA), a type of omega-3 fatty acid.
3. Rich in antioxidants: Canola oil contains a high amount of antioxidants, which can help protect against cell damage and reduce inflammation.

Cons:

1. Processing: Canola oil is often processed using high-heat methods, which can damage the oil's natural nutrients and create trans fats.
2. GMO concerns: Many canola crops are genetically modified, which can raise concerns about the potential impact on human health and the environment.
3. High in omega-6 fatty acids: While canola oil is a good source of omega-3s, it's also high in omega-6 fatty acids, which can contribute to inflammation when consumed in excess.

In moderation, canola oil can be a healthy addition to a balanced diet. However, it's essential to choose high-quality, cold-pressed, and non-GMO options to minimize potential drawbacks.",1
how many game of thrones books are there,Five books.,"There are 7 books in the A Song of Ice and Fire series by George R.R. Martin, which is the basis for the Game of Thrones TV show:

1. A Game of Thrones (1996)
2. A Clash of Kings (1999)
3. A Storm of Swords (2000)
4. A Feast for Crows (2005)
5. A Dance with Dragons (2011)
6. The Winds of Winter (forthcoming)
7. A Dream of Spring (forthcoming)

Note: The last two books are still in the process of being written by George R.R. Martin.",0
the iran-contra,The Iran Contra Affair began as an internal U.S. confrontation between Ronald Reagan and the Democratic Congress.,"The Iran-Contra affair was a political scandal that occurred in the 1980s during the presidency of Ronald Reagan. It involved the secret sale of arms to Iran by the United States, and the diversion of funds from the arms sales to support anti-Sandinista rebels in Nicaragua.

In 1985, it was discovered that the Reagan administration had been secretly selling arms to Iran, which was considered a terrorist state at the time, in an effort to secure the release of American hostages and to improve relations with Iran. However, the arms sales were not authorized by Congress, and the administration was also found to have diverted funds from the arms sales to support the Contras, a group of anti-Sandinista rebels in Nicaragua.

The scandal led to the resignation of several high-ranking officials, including National Security Adviser John Poindexter and Marine Corps Lieutenant Colonel Oliver North, who were involved in the secret arms sales and the diversion of funds. Reagan himself was not directly implicated in the scandal, but he was criticized for his handling of the affair and for his failure to disclose the secret arms sales to Congress.

The Iran-Contra affair had significant political and legal consequences. It led to a decline in public trust in the Reagan administration and in the government as a whole. It also led to a re-evaluation of the role of the executive branch in foreign policy and national security matters, and it resulted in the passage of new laws and regulations aimed at preventing similar scandals in the future.

Some of the key figures involved in the Iran-Contra affair include:

* Ronald Reagan: The 40th President of the United States, who was criticized for his handling of the scandal.
* John Poindexter: The National Security Adviser who was involved in the secret arms sales and the diversion of funds.
* Oliver North: A Marine Corps Lieutenant Colonel who was involved in the secret arms sales and the diversion of funds.
* Caspar Weinberger: The Secretary of Defense who was involved in the secret arms sales.
* Elliott Abrams: The Assistant Secretary of State for Inter-American Affairs who was involved in the secret arms sales.
* Robert McFarlane: The National Security Adviser who was involved in the secret arms sales.

The Iran-Contra affair is considered one of the most significant political scandals in American history, and it had significant consequences for the Reagan administration and for the country as a whole.",1
what was the inqisitions all about,An organization in the Roman Catholic Church in the past that was responsible for finding and punishing people who did not accept its beliefs and practices.,"The Inquisition was a religious institution established by the Catholic Church in the 12th century to combat heresy, particularly during the Middle Ages. Its primary goal was to identify, prosecute, and punish individuals who were deemed to be heretics, or those who rejected Catholic doctrine.

The Inquisition was initially focused on the Cathars, a Christian sect that emerged in southern France and northern Italy, who rejected the authority of the Catholic Church and its sacraments. The Inquisition also targeted other groups, such as the Waldensians, who were considered heretics for their rejection of Catholic dogma and their emphasis on personal spiritual experience.

The Inquisition was characterized by its use of torture, forced confessions, and executions to extract information and punish those deemed to be heretics. The institution was also responsible for the persecution and murder of thousands of people, including Jews, Muslims, and other religious minorities.

The Inquisition was most notorious during the Spanish Inquisition, which was established in 1478 by King Ferdinand II of Aragon and Queen Isabella I of Castile. The Spanish Inquisition was responsible for the persecution and execution of thousands of people, including Jews, Muslims, and Conversos (Jews who had converted to Christianity).

The Inquisition was eventually abolished in the 19th century, as the Catholic Church began to reform and modernize. Today, the Inquisition is widely regarded as a dark period in the history of the Catholic Church, and its legacy continues to be debated and studied by historians and scholars.",1
what is a requirement traceability matrix,It is a document that links requirements throughout the validation process.,"A Requirement Traceability Matrix (RTM) is a table or chart that shows the relationship between specific requirements and the corresponding design, test cases, and implementation. It is a tool used to ensure that each requirement is properly addressed and that there is a clear understanding of how each requirement is implemented.

The RTM typically includes the following columns:

1. Requirement ID: A unique identifier for each requirement.
2. Requirement Description: A brief description of each requirement.
3. Design Element: The design element that implements the requirement (e.g., a specific feature, a module, or a component).
4. Test Case: The test case that verifies the requirement.
5. Implementation: The specific implementation details (e.g., code, configuration, or data).

The RTM helps to:

1. Ensure that each requirement is properly addressed.
2. Identify gaps or inconsistencies in the requirements.
3. Verify that the design and implementation meet the requirements.
4. Facilitate communication among stakeholders, including developers, testers, and customers.
5. Reduce errors and rework by ensuring that each requirement is properly implemented.

The RTM is typically created during the requirements gathering and analysis phase of a project and is updated throughout the development lifecycle.",1
which birth control method reduces the risk of pregnancy and protects from sexually transmitted infections?,The male latex or polyurethane condom and female condom.,The birth control method that reduces the risk of pregnancy and protects from sexually transmitted infections (STIs) is the Condom.,1
does nerve damage from chemo heal,Yes,"Nerve damage caused by chemotherapy, also known as chemotherapy-induced peripheral neuropathy (CIPN), can be a persistent and debilitating side effect. While some cases of CIPN may improve over time, complete recovery is not always possible.

The likelihood of recovery depends on several factors, including:

1. Severity of the nerve damage: Mild cases of CIPN may improve or resolve on their own, while more severe cases may be more challenging to recover from.
2. Type and duration of chemotherapy: Certain chemotherapy drugs, such as taxanes and platinum-based agents, are more likely to cause permanent nerve damage.
3. Overall health and age of the patient: Patients with pre-existing medical conditions, such as diabetes or vitamin deficiencies, may be more susceptible to nerve damage and may have a poorer prognosis for recovery.
4. Treatment and management: Early recognition and treatment of CIPN, as well as management of symptoms, can improve outcomes.

Some patients may experience partial or complete recovery from CIPN over time, while others may experience persistent symptoms. In some cases, CIPN can be a chronic condition that requires ongoing management and treatment.

It's essential for patients to work closely with their healthcare team to monitor and manage CIPN symptoms, as well as to address any underlying causes or contributing factors. This may involve adjusting chemotherapy regimens, managing pain and discomfort, and addressing nutritional deficiencies or other health issues.",0
uso definition,"It is a nonprofit organization that provides programs, services and live entertainment to United States service members and their families.","Uso is a Spanish word that has multiple meanings depending on the context. Here are a few possible definitions:

1. Use: In a general sense, ""uso"" can be translated to ""use"" in English. For example: ""El uso de la computadora es muy común"" means ""The use of the computer is very common"".
2. Custom or tradition: In a cultural or social context, ""uso"" can refer to a custom, tradition, or way of doing things. For example: ""El uso de la mesa para comer es una tradición en nuestra familia"" means ""The use of the table for eating is a tradition in our family"".
3. Right or privilege: In a legal or formal sense, ""uso"" can refer to a right or privilege, such as the right to use a property or a service. For example: ""El uso del parque es gratuito para los residentes"" means ""The use of the park is free for residents"".
4. Brand or trademark: In a commercial context, ""uso"" can refer to a brand or trademark, such as a logo or a slogan. For example: ""El uso de la marca de la empresa es muy reconocida"" means ""The use of the company's brand is very recognized"".

Without more context, it's difficult to provide a more specific definition of ""uso"". If you have any additional information or clarification, I'd be happy to try and provide a more accurate answer.",1
cost to install vinyl soffit per foot,$0.45 to $1.90,"The cost to install vinyl soffit per foot can vary depending on several factors, including:

1. Location: Installation costs can differ depending on the region, city, or state.
2. Size and complexity of the job: Larger or more complex installations may require more materials and labor, increasing the cost.
3. Type and quality of vinyl soffit: Different brands, thicknesses, and features (e.g., insulation, ventilation) can impact the cost.
4. Labor costs: Hiring a professional contractor or DIY installation can affect the overall cost.

On average, the cost to install vinyl soffit per foot can range from:

* $3 to $6 per linear foot for a basic, single-layer installation (DIY or low-end contractor)
* $6 to $12 per linear foot for a mid-range, double-layer installation (mid-range contractor)
* $12 to $20 per linear foot for a high-end, triple-layer installation (high-end contractor or custom work)

For a more accurate estimate, consider the following:

* Vinyl soffit material costs: $1 to $5 per square foot (depending on the brand and quality)
* Labor costs: $20 to $50 per hour (depending on the contractor's experience and location)
* Total installation cost: $3 to $20 per linear foot (depending on the factors mentioned above)

Keep in mind that these estimates are rough and may vary depending on your specific situation. It's recommended to consult with a professional contractor or supplier for a more accurate quote.",1
what is mass multiplied by acceleration,Force,Mass multiplied by acceleration is Force (F).,1
what is concasse,"Concasse is a cooking term meaning to rough chop any ingredient, usually vegetables.","Concasse is a French culinary term that refers to a specific way of preparing tomatoes. It involves cutting the tomatoes into small pieces, usually about 1/4 inch (6-8 mm) in size, and then removing the seeds and excess liquid to create a smooth, pulpy texture. This process helps to concentrate the flavor and aroma of the tomatoes, making them ideal for sauces, soups, and other dishes where a rich, intense tomato flavor is desired.",1
harriet beecher stowe birthday,"Harriett Beecher Stowe's birthday is on June 14, 1811.","Harriet Beecher Stowe, the American abolitionist and author, was born on June 14, 1811.",1
define language deprived,"It is associated with the lack of linguistic stimuli that are necessary for the language acquisition processes in an individual, usually in a very impoverished environment.","Language deprivation refers to the lack or limited exposure to a language, resulting in a person's inability to acquire or develop language skills. This can occur due to various factors, such as:

1. Isolation: Being raised in a language isolate, where the only language spoken is not a widely spoken or recognized language.
2. Deafness: Being born deaf or losing hearing at a young age, making it difficult to acquire spoken language.
3. Language delay: Delayed language development due to cognitive or developmental disorders, such as autism or Down syndrome.
4. Language loss: Losing one's native language due to migration, cultural assimilation, or other factors.
5. Limited language input: Insufficient exposure to a language, such as being raised in a multilingual household where one language is not spoken frequently.

Language deprivation can have significant effects on a person's cognitive, social, and emotional development, including:

* Delayed language acquisition
* Limited vocabulary and grammar
* Difficulty with communication and social interaction
* Reduced cognitive abilities
* Increased risk of language disorders

Early intervention and language therapy can help mitigate the effects of language deprivation, but it is essential to identify and address the issue as early as possible to ensure optimal language development.",1
how to get rid of roaches home remedy,"Home remedies are the best when it comes to killing roaches. Some of the best known methods are listed below. 1 Boric acid in powdered form, mixed with sugar and flour, to kill, bait and hold the mixture, respectively, is one stop solution for all your problems.","Here are some effective home remedies to get rid of roaches:

1. **Bay Leaves**: Place bay leaves in areas where roaches are spotted. The strong scent of bay leaves repels roaches.

2. **Cinnamon**: Sprinkle cinnamon powder along walls, baseboards, and in cabinets. Roaches detest the smell of cinnamon and will avoid it.

3. **Baking Soda**: Sprinkle baking soda along walls, baseboards, and in cabinets. Roaches can't digest baking soda, so it will help dehydrate and kill them.

4. **Essential Oils**: Certain essential oils like peppermint, lemongrass, and tea tree oil can repel roaches. Mix a few drops of the oil with water and spray it around the house.

5. **Vinegar**: Mix equal parts water and white vinegar in a spray bottle. Spray it around the house to repel roaches.

6. **Diatomaceous Earth**: This is a natural, non-toxic powder that can be used to repel and kill roaches. Sprinkle it along walls, baseboards, and in cabinets.

7. **Catnip**: Believe it or not, catnip can repel roaches. Place catnip leaves or oil in areas where roaches are spotted.

8. **Mint Leaves**: Like bay leaves, mint leaves can repel roaches. Place mint leaves in areas where roaches are spotted.

9. **Eucalyptus Oil**: Eucalyptus oil has natural insect-repelling properties. Mix it with water and spray it around the house to repel roaches.

10. **Cleanliness**: Keep your home clean and tidy, as roaches are attracted to food and clutter. Regularly vacuum and mop floors, and store food in sealed containers.

Remember, while these home remedies can help repel and kill roaches, they may not completely eliminate the problem. For severe infestations, it's best to consult a pest control professional.",0
how long is a day,"23 hours, 56 minutes.","A day is typically defined as the time it takes the Earth to rotate once on its axis, which is approximately 24 hours.",0
role clarity definition,Role clarity is what it is that is nursing’s alone to own as well as to define the role of each individual nurse in each domain of practice.,"Role clarity refers to the degree to which an individual understands their responsibilities, expectations, and boundaries within a specific role or position. It involves having a clear understanding of what is expected of them, what they are accountable for, and what their priorities are.

Role clarity is important because it helps individuals:

1. Focus on their tasks and responsibilities
2. Set realistic goals and priorities
3. Make informed decisions
4. Communicate effectively with others
5. Reduce stress and uncertainty
6. Increase job satisfaction and engagement

Role clarity can be achieved through:

1. Clear job descriptions and expectations
2. Regular feedback and communication
3. Defined goals and objectives
4. Established processes and procedures
5. Training and development opportunities
6. Open and transparent communication

When individuals have role clarity, they are better equipped to perform their job effectively, build strong relationships with colleagues and stakeholders, and contribute to the overall success of the organization.",1
what does the name cull mean,Killing,"The name ""Cull"" can have different meanings depending on the context. Here are a few possible interpretations:

1. To cull means to select or remove something, often in a careful or deliberate manner. For example, a farmer might cull a herd of animals to remove the weak or unhealthy ones.
2. Cull can also refer to the act of killing or slaughtering an animal, often for food or other purposes.
3. In a more figurative sense, to cull can mean to gather or collect something, such as information or resources.
4. As a surname, Cull is of English origin and is thought to have derived from the Old English word ""cul"", meaning ""hollow"" or ""dell"". It may have originally referred to someone who lived in a valley or hollow.

Overall, the name ""Cull"" can have different meanings depending on the context in which it is used.",1
"if the correlation between two variables is zero, this means that",If the correlation between two variables is zero means there is no relationship between the two variables.,"If the correlation between two variables is zero, it means that there is no linear relationship between the variables. In other words, as one variable increases or decreases, the other variable does not change in a predictable or consistent way.",1
what format does virtual dj,MP3+G format,"Virtual DJ uses the following formats:

1. MP3
2. WAV
3. AIFF
4. FLAC
5. OGG
6. M4A
7. AAC
8. AC3
9. MP2
10. MP1
11. WMA
12. MPC
13. APE
14. WV
15. TTA
16. DTS
17. DTS-HD
18. Dolby Digital
19. Dolby Digital Plus
20. Dolby TrueHD
21. DTS:X
22. Dolby Atmos",1
can deadlifting make your joints sore,"Yes, Knees may be getting sore from deadlifts.","Yes, deadlifting can make your joints sore, especially if you're new to the exercise or perform it with poor form. The deadlift targets multiple joints, including the hips, knees, and lower back, which can lead to soreness in these areas.

Common areas where deadlifters may experience soreness include:

1. Hips: The hip joint is responsible for lifting the weight, and improper form can put excessive stress on the joint, leading to soreness.
2. Lower back: The lower back muscles, including the latissimus dorsi, trapezius, and rhomboids, are heavily engaged during the deadlift. Soreness in this area can be due to muscle fatigue or poor form.
3. Knees: The knees are bent during the deadlift, and excessive stress on the joint can cause soreness, especially if you have pre-existing knee issues.

To minimize joint soreness when deadlifting:

1. Focus on proper form: Ensure you're using proper form to reduce stress on your joints.
2. Start with lighter weights: Gradually increase the weight you lift to allow your joints to adapt.
3. Warm up and stretch: Properly warm up and stretch before deadlifting to reduce muscle tension and improve flexibility.
4. Incorporate joint-friendly exercises: Incorporate exercises that target the same muscle groups but are easier on the joints, such as glute bridges or step-ups.

Remember, soreness is a normal part of the exercise process, especially when introducing new exercises or increasing intensity. If the soreness persists or becomes severe, consult with a healthcare professional or fitness expert to address any underlying issues.",1
________ is typically formed by metamorphism of a sandstone.,Quartzite,Quartzite.,1
what is the meaning of impairment,"Any loss or abnormality of psychological, physiological or anatomical structure or function.","Impairment refers to a loss or abnormality of psychological, physiological, or anatomical structure or function, which can affect an individual's ability to perform daily activities, interact with others, or participate in various aspects of life.",1
what time do spring semesters start,At the end of January.,"The start date of spring semesters varies depending on the institution and location. Here are some general guidelines:

* In the United States:
	+ Most colleges and universities start their spring semesters in late January or early February, with some starting as early as mid-January or as late as mid-February.
	+ Some community colleges and online institutions may have slightly different start dates.
* In the United Kingdom:
	+ Spring term typically starts in late January or early February, with some universities starting as early as mid-January or as late as mid-February.
* In Canada:
	+ Spring semester typically starts in late January or early February, with some universities starting as early as mid-January or as late as mid-February.

Please note that these are general guidelines, and the exact start date of a specific spring semester may vary depending on the institution and location. It's best to check with the institution directly for the most accurate information.",1
can crl be used on fiberglass,"Yes, crl can be used on fiberglass.","Yes, CRL (Chemical Resistance Lubricant) can be used on fiberglass, but it's essential to follow specific guidelines and precautions. CRL is designed to provide corrosion protection and lubrication for metal surfaces, but it can also be used on fiberglass and other non-metallic materials.

When using CRL on fiberglass, make sure to:

1. Clean the surface thoroughly before application to remove any dirt, oil, or grease.
2. Apply a thin, even layer of CRL to the fiberglass surface using a clean cloth or brush.
3. Avoid applying CRL to areas with high temperatures, as it may degrade the fiberglass material.
4. Avoid using CRL on fiberglass surfaces that are exposed to moisture or humidity, as it may cause the material to degrade or become brittle.
5. Follow the manufacturer's instructions for application and usage.

It's also important to note that CRL may not provide the same level of corrosion protection on fiberglass as it does on metal surfaces. If you're unsure about the suitability of CRL for your specific application, consult with the manufacturer or a qualified professional for guidance.",1
what is  the action of the  trapezius muscle to the scapula,"Moving, rotating, and stabilizing.","The trapezius muscle has three primary actions on the scapula:

1. **Upward rotation**: The trapezius muscle helps to rotate the scapula upward and forward, which is essential for activities such as lifting heavy objects or reaching overhead.
2. **Elevation**: The trapezius muscle assists in elevating the scapula, which helps to position the scapula in a more superior position and prepare it for movements such as shoulder flexion or abduction.
3. **Adduction**: The trapezius muscle also helps to adduct the scapula, which means to pull it towards the midline of the body. This action is important for activities such as pulling or pushing objects towards the body.",1
oceanic crust is composed primarily of ________.,Basalts,oceanic crust is composed primarily of basalt.,1
cast of hush,"Casts of Hush are Kate Siegel as Maddie,John Gallagher Jr. as Man, Michael Trucco as John, Samantha Sloyan as Sarah,Emilia Graves as Max.","The 1998 horror film ""Hush"" stars:

* Kate Siegel as Maddie Young
* John Gallagher Jr. as Noah Clay
* Michael Trucco as Shane
* Samantha Sloyan as Sarah
* Emma Graves as Young Maddie",0
what is the tennessee state tax in nashville,"7% of state sales tax,Depending on local municipalities, the total tax rate can be as high as 9.75%.","The state income tax rate in Tennessee is 0%. Tennessee is one of the seven states in the US with no state income tax. However, Nashville, being the capital city of Tennessee, is subject to the same state tax laws as the rest of the state.

However, Nashville does have a local government that imposes a 2.35% municipal tax on income. This tax is in addition to the federal and state income taxes. The municipal tax is used to fund local government services and infrastructure.

So, to summarize, the total tax rate in Nashville would be:

* 0% state income tax
* 2.35% municipal income tax
* Federal income tax (varies depending on individual circumstances)

It's essential to note that tax rates and laws are subject to change, so it's always a good idea to consult with a tax professional or the relevant authorities for the most up-to-date information.",0
what does a court summons mean,A judicial summons is served on a person involved in a legal proceeding.,"A court summons is a legal document that notifies an individual or entity that they are required to appear in court to respond to a lawsuit, complaint, or other legal action. It typically includes the following information:

1. The name of the court and the case number.
2. The name of the plaintiff (the person or entity bringing the lawsuit) and the defendant (the person or entity being sued).
3. A description of the alleged wrongdoing or dispute.
4. The date, time, and location of the court appearance.
5. A warning that failure to appear in court may result in a default judgment against the defendant.

A court summons can be served in person, by mail, or through a process server. It is usually accompanied by a copy of the complaint or other legal documents related to the case.

Receiving a court summons can be a serious matter, and it is important to take it seriously by:

* Reading the summons carefully and understanding the allegations against you.
* Consulting with an attorney to discuss your options and potential defenses.
* Responding to the summons by filing an answer or other appropriate response with the court.
* Appearing in court on the scheduled date to present your case or respond to the allegations.",1
starting salary of registered nurse,"$28,000-$50,000 per year","The starting salary of a registered nurse (RN) can vary depending on factors such as location, employer, level of experience, and specialty. However, according to the Bureau of Labor Statistics (BLS), the median annual salary for registered nurses in the United States was $76,840 in May 2020.

Here are some approximate starting salary ranges for RNs in different settings:

1. Hospital: $60,000 - $80,000 per year
2. Clinic or outpatient care: $55,000 - $75,000 per year
3. Home healthcare: $50,000 - $70,000 per year
4. Long-term care facility: $45,000 - $65,000 per year
5. School nursing: $50,000 - $70,000 per year
6. Public health: $45,000 - $65,000 per year
7. Travel nursing: $60,000 - $90,000 per year (depending on location and duration of assignment)

Keep in mind that these are general estimates and can vary depending on the specific employer, location, and other factors. Additionally, salaries may be higher or lower depending on the level of experience, education, and certifications held by the RN.",0
average pulse rate for male adults,60 to 100 beats a minute.,The average pulse rate for a healthy male adult is typically between 60-100 beats per minute (bpm).,1
how dissolve pills faster,Some pills are completely water soluble and therefore would dissolve in water faster than other liquids which are a mixture of water with other compounds.,"Here are some ways to help dissolve pills faster:

1. **Crush or break the pill**: If the pill is a tablet, you can crush or break it into smaller pieces to increase its surface area, allowing it to dissolve faster.
2. **Take with a liquid**: Swallow the pill with a liquid, such as water, juice, or soda, to help it dissolve faster.
3. **Use a pill splitter**: A pill splitter can help you divide the pill into smaller pieces, making it easier to dissolve.
4. **Add a dissolving agent**: Certain substances like honey, jam, or peanut butter can help dissolve pills faster. However, be sure to check with your doctor or pharmacist before using these methods.
5. **Take with a fatty food**: Taking a pill with a fatty food, such as a meal or snack, can help it dissolve faster.
6. **Use a pill dissolver**: There are specialized products, such as pill dissolvers or pill crushers, that can help break down pills into smaller pieces, making them easier to dissolve.
7. **Take with a carbonated beverage**: Carbonated drinks like soda or sparkling water can help dissolve pills faster by creating a fizzy environment that helps break down the pill.

Remember to always follow the instructions provided by your doctor or pharmacist when taking medication, and consult with them if you have any concerns about dissolving pills.",1
normal high temperatures des moines iowa,75A°,"According to the National Centers for Environmental Information, the normal high temperatures in Des Moines, Iowa are:

* January: 34°F (1°C)
* February: 39°F (4°C)
* March: 52°F (11°C)
* April: 64°F (18°C)
* May: 73°F (23°C)
* June: 82°F (28°C)
* July: 86°F (30°C)
* August: 84°F (29°C)
* September: 76°F (24°C)
* October: 64°F (18°C)
* November: 52°F (11°C)
* December: 38°F (3°C)

Please note that these are average high temperatures, and actual temperatures can vary from year to year.",0
how many calories in fortune cookie,30 calories per one fortune cookie.,"The number of calories in a fortune cookie can vary depending on the size and brand. However, on average, a standard-sized fortune cookie contains around 120-140 calories.",0
what is a signature dish,A signature dish is a dish that is closely identified with a chef or a restaurant and stands out as a prime example of that person's or establishment's cuisine.,"A signature dish is a culinary creation that is uniquely associated with a particular chef, restaurant, or cuisine. It is often a dish that has gained popularity and recognition, and is typically considered a hallmark of the chef's or restaurant's culinary style and expertise.",1
another name for joy stick,The control lever of an airplane.,"Another name for a joystick is a ""controller stick"".",0
what does arm wing liposuction cost,"Between $1,500 and $5,000","The cost of arm wing liposuction, also known as brachioplasty, can vary depending on several factors, including:

1. Location: Prices differ depending on the region, city, or country.
2. Surgeon's expertise and reputation: More experienced and renowned surgeons may charge higher fees.
3. Complexity of the procedure: The extent of the liposuction and the amount of excess skin removal can impact the cost.
4. Anesthesia: The type of anesthesia used (local, sedation, or general) can affect the overall cost.
5. Facility fees: The cost of the surgical facility, equipment, and staff can add to the overall expense.

On average, the cost of arm wing liposuction can range from:

* $2,000 to $5,000 for a basic procedure with minimal excess skin removal
* $5,000 to $10,000 for a moderate procedure with some excess skin removal
* $10,000 to $20,000 or more for a complex procedure with significant excess skin removal or additional procedures (e.g., skin tightening)

It's essential to consult with a board-certified plastic surgeon to get a more accurate estimate of the cost based on your individual needs and circumstances.",1
"how much does a police officer make in charleston, illinois","$34,000","According to the City of Charleston, Illinois' website, the starting annual salary for a police officer is around $54,000. However, salaries can vary depending on factors such as experience, rank, and education.

Here is a breakdown of the police officer salary range in Charleston, Illinois:

* Police Officer (Entry-Level): $54,000 - $60,000 per year
* Police Officer (Experienced): $60,000 - $70,000 per year
* Sergeant: $70,000 - $80,000 per year
* Lieutenant: $80,000 - $90,000 per year
* Captain: $90,000 - $100,000 per year

Please note that these figures are subject to change and may not reflect the current salary range. It's best to check with the City of Charleston's Human Resources department or the Charleston Police Department for the most up-to-date information.",0
what is botdf,It was the only track from Blood on the Dance Floor.,"BOTDF stands for ""Borracho Oscuridad Totalmente Descontrolado"" which is Spanish for ""Totally Uncontrollable Dark Drunkenness"". It's a popular Mexican rock band known for their energetic live performances and catchy songs.",0
Which name is also used to describe the Amazon rainforest in English?,"['also known in English as Amazonia or the Amazon Jungle,', 'Amazonia or the Amazon Jungle', 'Amazonia']","The name ""Selva"" is also used to describe the Amazon rainforest in English.",0
How many square kilometers of rainforest is covered in the basin?,"['5,500,000 square kilometres (2,100,000 sq mi) are covered by the rainforest.', '5,500,000', '5,500,000']",The Amazon River Basin covers approximately 7 million square kilometers of rainforest.,0
How many nations control this region in total?,"['This region includes territory belonging to nine nations.', 'nine', 'nine']","The region you are referring to is likely the Middle East. There are currently 18 recognized sovereign states in the Middle East, each with its own government and control over its territory.",0
"How many nations contain ""Amazonas"" in their names?","['States or departments in four nations contain ""Amazonas"" in their names.', 'four', 'four']","There are two nations that contain ""Amazonas"" in their names:

1. Brazil - Amazonas is a state in northern Brazil.
2. Colombia - Amazonas is a department in eastern Colombia.",0
What percentage does the Amazon represents in rainforests on the planet?,"[""The Amazon represents over half of the planet's remaining rainforests"", 'over half']",Amazon rainforest accounts for approximately 40% of the world's remaining tropical rainforests.,1
What is the Dutch word for the Amazon rainforest?,"['Amazoneregenwoud', 'Amazoneregenwoud', 'Amazoneregenwoud']","The Dutch word for the Amazon rainforest is ""Amazone-regenwoud"".",1
What rainforest covers the majority of the Amazon basin in South America?,"['The Amazon rainforest', 'Amazon rainforest', 'The Amazon']",The Amazon rainforest covers the majority of the Amazon basin in South America.,1
In what country can most of the Amazon rainforest be found?,"['Brazil', 'Brazil', 'Brazil']",Most of the Amazon rainforest can be found in Brazil.,0
The Amazon rainforest makes up what amount of Earth's rainforests?,"['over half', 'over half', 'over half']",The Amazon rainforest makes up approximately 40% of the world's total rainforests.,0
How many species of trees can be found in the Amazon rainforest?,"['16,000', '16,000', '16,000']","The Amazon rainforest is home to an estimated 16,000 to 20,000 plant species, including over 3,000 species of trees.",1
What kind of forest is the Amazon rainforest?,"['moist broadleaf forest', 'moist broadleaf forest', 'tropical']",The Amazon rainforest is a tropical rainforest.,1
How many square kilometers is the Amazon Basin?,"['7,000,000 square kilometres (2,70', '7,000,000', '7,000,000 square kilometres']","The Amazon Basin covers approximately 7,000,000 square kilometers (2,700,000 sq mi).",1
How many nations are within the Amazon Basin?,"['nine nations', 'nine', 'nine']","The Amazon Basin is home to nine countries: Brazil, Peru, Colombia, Venezuela, Ecuador, Bolivia, Guyana, Suriname, and French Guiana.",1
Which nation contains the majority of the amazon forest?,"['Brazil', 'Brazil', 'Brazil']","Brazil contains the majority of the Amazon forest, covering approximately 60% of the Amazon Basin.",1
What is the estimate for the amount of tree species in the amazon tropical rain forest?,"['16,000 species', '16,000', '16,000']","The Amazon tropical rainforest is estimated to be home to around 16,000 to 20,000 tree species. However, this number is constantly being revised as new species are discovered, and some previously recognized species are reclassified or go extinct. The exact number of tree species in the Amazon is difficult to determine due to the vast size and complexity of the ecosystem.",1
Which Florida city has the biggest population?,"['Jacksonville', 'Jacksonville', 'Jacksonville']","According to the United States Census Bureau, the city with the biggest population in Florida is Jacksonville, with a population of approximately 944,477 people as of 2020.",1
What was the population Jacksonville city as of 2010?,"['1,345,596', '1,345,596', '1,345,596']","According to the United States Census Bureau, the population of Jacksonville, Florida as of 2010 was approximately 821,784.",0
"Based on population alone, what is Jacksonville's ranking in the United States?","['12th', '12th', '12th']","According to the United States Census Bureau (2020 estimates), Jacksonville, Florida has a population of approximately 944,477 people. Based on population alone, Jacksonville ranks as the 12th most populous city in the United States.",1
In which county does Jacksonville reside?,"['Duval', 'Duval County', 'Duval County']","Jacksonville, Florida is located in Duval County.",1
What year did consolidation cause Jacksonville to become part of Duval County?,"['1968', '1968', '1968']","Consolidation occurred in 1968, when Jacksonville merged with Duval County, making Jacksonville the largest city in the contiguous United States.",1
When did the 1973 oil crisis begin?,"['October 1973', 'October 1973', 'October 1973', 'October', '1973']","The 1973 oil crisis began on October 17, 1973, when Egypt and Syria launched a surprise attack on Israel, leading to an Arab oil embargo against countries that supported Israel, including the United States.",1
What was the price of oil in March of 1974?,"['nearly $12', '$12', '$12', '$12', '$12']","According to historical data, the average price of oil in March 1974 was around $3.47 per barrel.",0
When was the second oil crisis?,"['1979', '1979', '1979', '1979', '1979']","The second oil crisis, also known as the 1979 energy crisis, occurred in 1979-1980. It was triggered by the Iranian Revolution in 1979, which led to a significant decline in Iran's oil production and a subsequent shortage of oil on the global market.",1
What was another term used for the oil crisis?,"['first oil shock', 'shock', 'shock', 'first oil shock', 'shock']","Another term used for the oil crisis is the ""1973 energy crisis"" or the ""1973 oil embargo"".",0
Who proclaimed the oil embargo?,"['members of the Organization of Arab Petroleum Exporting Countries', 'members of the Organization of Arab Petroleum Exporting Countries', 'Organization of Arab Petroleum Exporting Countries', 'members of the Organization of Arab Petroleum Exporting Countries', 'OAPEC']","The oil embargo was proclaimed by the Organization of Arab Exporting Countries (OAPEC) on October 17, 1973, in response to the United States' support of Israel during the Yom Kippur War.",1
Construction involves the translation of what?,"['designs into reality', 'designs into reality', 'designs into reality']",Construction involves the translation of designs and plans into physical structures and buildings.,1
A formal design team may be assembled to do what?,"['plan the physical proceedings, and to integrate those proceedings with the other parts', 'plan the physical proceedings, and to integrate those proceedings with the other parts', 'plan the physical proceedings, and to integrate those proceedings with the other parts']","A formal design team may be assembled to develop a comprehensive design solution for a complex project, such as a building, product, or system.",1
The design team is most commonly employed by who?,"['the property owner', 'the property owner', 'property owner']","The design team is most commonly employed by companies, organizations, and businesses that require creative and innovative solutions for their products, services, or experiences. This can include industries such as:

* Advertising and marketing agencies
* Product design and development companies
* Architecture and interior design firms
* Technology and software companies
* Fashion and textile design studios
* Graphic design and branding agencies
* User experience (UX) and user interface (UI) design consultancies

These companies often hire design teams to create visually appealing and functional designs that meet their specific needs and goals.",0
Who provides the bill of quantities?,"['a quantity surveyor', 'quantity surveyor', 'quantity surveyor']",The bill of quantities (BOQ) is typically prepared by the quantity surveyor or the contractor's quantity surveyor.,1
The owner typically awards a contract to who?,"['the most cost efficient bidder', 'the most cost efficient bidder', 'most cost efficient bidder']",The owner typically awards a contract to the lowest responsible bidder (LRB) or the best value proposer (BVP) after evaluating bids or proposals based on the project's requirements and specifications.,0
What process do moderate and reformist Islamists work within the boundaries of?,"['democratic', 'democratic process', 'democratic']","Moderate and reformist Islamists work within the boundaries of democratic processes, constitutional frameworks, and the rule of law. They seek to achieve their goals through peaceful means, such as participating in elections, engaging in political dialogue, and advocating for policy changes through democratic channels.",1
Where does Hamas originate?,"['Palestine', 'Palestine', 'Palestine']","Hamas originates from the Gaza Strip and the West Bank, specifically from the Palestinian Islamist movement that emerged in the 1980s.",1
What is the goal of Islamist groups like Hezbollah and Hamas?,"['abolish the state of Israel', 'abolish the state of Israel', 'abolish the state of Israel']","The primary goal of Islamist groups like Hezbollah and Hamas is to establish an Islamic state or caliphate in their respective regions. Specifically:

* Hezbollah, a Shia Islamist group based in Lebanon, aims to establish an Islamic government in Lebanon and eventually, a Shia-led government in the Middle East.
* Hamas, a Sunni Islamist group based in the Gaza Strip, seeks to establish an Islamic state in Palestine, with Jerusalem as its capital, and to eliminate Israel.

Both groups also share a broader goal of promoting Islamic values and principles, and resisting what they perceive as Western or Israeli influence in the region.",0
What do radical Islamist organizations reject entirely?,"['democracy', 'democracy', 'democracy']","Radical Islamist organizations, such as Al-Qaeda and the Islamic State (ISIS), reject entirely:

1. Western values and culture: They view Western society as corrupt, immoral, and a threat to their own beliefs and way of life.
2. Democracy and human rights: They believe that democracy is a Western concept that is incompatible with Islamic principles and that human rights are often used to justify Western interference in Muslim-majority countries.
3. Secularism: They reject the idea of separating religion from politics and governance, believing that Islam should be the sole source of law and governance.
4. Moderate Islam: They view moderate Muslims as apostates or hypocrites who have compromised their faith by accepting Western values and practices.
5. National borders and sovereignty: They believe that the concept of national borders and sovereignty is a Western invention that is contrary to Islamic principles of unity and global caliphate.
6. International law and treaties: They reject international law and treaties that they perceive as being imposed by Western powers to undermine Islamic values and interests.
7. Modernity and progress: They view modernity and progress as a Western concept that is corrupting and leading Muslims away from their faith and traditional values.",1
On what basis do the radical Islamist organizations conduct their attacks?,"['religious', 'religious', 'religious']","Radical Islamist organizations, such as Al-Qaeda and ISIS, conduct their attacks based on their extremist interpretation of Islam, which is often characterized by a distorted and violent understanding of the religion. They justify their actions by citing specific verses and hadiths from the Quran and the sayings of the Prophet Muhammad, which they believe support their ideology.

Some of the key beliefs that drive their actions include:

1. Takfirism: The belief that many Muslims are apostates and that it is permissible to kill them.
2. Jihadism: The belief that jihad (holy war) is a necessary and obligatory duty for all Muslims to defend Islam and its followers.
3. Salafism: The belief in the importance of following the example of the earliest Muslims and the Prophet Muhammad, which often leads to a rejection of modernity and Western values.
4. Anti-Western and anti-Semitic sentiments: Many radical Islamist groups view the West and Jews as enemies of Islam and believe that they are responsible for many of the world's problems.

These beliefs are often combined with political and social grievances, such as feelings of marginalization, poverty, and political oppression, which can provide a sense of justification and motivation for their violent actions.",1
What is Southern California often abbreviated as?,"['SoCal', 'SoCal', 'SoCal']",Southern California is often abbreviated as SoCal.,1
"Despite being traditionall described as ""eight counties"", how many counties does this region actually have?","['10 counties', '10', '10']","The region of East Anglia is actually composed of 11 counties: Bedfordshire, Cambridgeshire, Essex, Hertfordshire, Norfolk, Suffolk, and the five historic counties of Huntingdonshire, Lincolnshire, Northamptonshire, Rutland, and Cambridgeshire.",0
What is a major importance of Southern California in relation to California and the United States?,"['economic center', 'major economic center', 'economic center']","A major importance of Southern California in relation to California and the United States is its significant economic and cultural influence. Southern California is home to major industries such as entertainment, technology, and trade, which contribute significantly to the state's and nation's GDP. The region is also a hub for tourism, with iconic destinations like Disneyland, Universal Studios, and beaches attracting millions of visitors annually. Additionally, Southern California is a major gateway for international trade, with the Port of Los Angeles and Port of Long Beach being two of the busiest ports in the world.",1
"What are the ties that best described what the ""eight counties"" are based on?","['demographics and economic ties', 'economic', 'demographics and economic']","The ""Eight Counties"" refer to the eight counties in the northeastern United States that were most affected by the Underground Railroad and the abolitionist movement. These counties are:

1. Cuyahoga County, Ohio
2. Erie County, Pennsylvania
3. Niagara County, New York
4. Orleans County, New York
5. Monroe County, New York
6. Wayne County, New York
7. Ontario County, New York
8. Genesee County, New York

These counties are often referred to as the ""Eight Counties"" because they were the primary route for escaped slaves and freedom seekers traveling from the South to Canada via the Underground Railroad.",0
The reasons for the las two counties to be added are based on what?,"['historical political divisions', 'historical political divisions', 'historical political divisions']","The last two counties to be added to the United States were Hawaii and Alaska. The reasons for their addition were based on the Admission Acts of 1947 and 1958, respectively.",0
Who is the chair of the IPCC?,"['Hoesung Lee', 'Hoesung Lee', 'Hoesung Lee']","The current Chair of the Intergovernmental Panel on Climate Change (IPCC) is Hoesung Lee, a South Korean economist and professor. He has been serving as the Chair since October 2018.",1
What nationality is Hoesung Lee?,"['Korean', 'onomist', 'Korean']",Hoesung Lee is South Korean.,1
Who is the vice-chair of the IPCC?,"['Ismail El Gizouli', 'Ismail El Gizouli', 'Ismail El Gizouli']",The current Vice-Chair of the Intergovernmental Panel on Climate Change (IPCC) is Hans-Otto Pörtner.,0
Who was the first chair of the IPCC?,"['Bert Bolin', 'Bert Bolin', 'Bert Bolin']","The first chair of the Intergovernmental Panel on Climate Change (IPCC) was Bert Bolin, a Swedish meteorologist. He served as the chair from 1988 to 1997.",1
When did Pachauri resign as chair of the IPCC?,"['February 2015', 'February 2015', 'February 2015']","Rajendra Pachauri resigned as chair of the Intergovernmental Panel on Climate Change (IPCC) on February 24, 2015.",1
What is a mechanical barrier in insects that protects the insect?,"['exoskeleton', 'exoskeleton', 'exoskeleton']","A mechanical barrier in insects that protects the insect is a cuticle or exoskeleton. It is a hard outer covering that provides physical protection against predators, dehydration, and environmental stressors.",1
What is an example of a mechanical barrier on leaves?,"['The waxy cuticle', 'waxy cuticle', 'waxy cuticle']","A mechanical barrier on leaves is the cuticle, which is a waxy layer that covers the surface of the leaf. It acts as a physical barrier, preventing water loss and protecting the leaf from pathogens and insects.",1
What responses protect the lungs by mechanically ejecting pathogens from the respiratory system?,"['coughing and sneezing', 'coughing and sneezing', 'coughing and sneezing']",Coughing and sneezing are the two primary responses that protect the lungs by mechanically ejecting pathogens from the respiratory system.,1
What is secreted by the respiratory tract to trap microorganisms?,"['mucus', 'mucus', 'mucus']",The respiratory tract secretes mucus to trap microorganisms.,1
The flushing action of what expels pathogens from the eyes?,"['tears', 'tears', 'tears']","The flushing action of tears, specifically the basal tear layer, expels pathogens from the eyes.",1
Who is on the IPCC Panel?,"['representatives appointed by governments and organizations', 'representatives appointed by governments and organizations', 'representatives appointed by governments and organizations']",The Intergovernmental Panel on Climate Change (IPCC) is composed of thousands of scientists and experts from around the world. The IPCC Panel is divided into three working groups and one task force.,0
How many people attended the 2003 IPCC meeting?,"['350', '350', '350']","According to the Intergovernmental Panel on Climate Change (IPCC), the 10th Session of the IPCC, which took place from February 9-13, 2003, in Geneva, Switzerland, had 1,000 participants from 146 countries.",0
What kind of people attend the IPCC meetings?,"['government officials and climate change experts', 'government officials and climate change experts', 'government officials and climate change experts']","The Intergovernmental Panel on Climate Change (IPCC) meetings typically attract a diverse group of experts and officials from around the world. These attendees include:

1. Government representatives: Delegates from almost 200 countries and the European Union attend IPCC meetings to discuss and agree on climate change assessments, mitigation, and adaptation strategies.
2. Scientists and researchers: IPCC meetings feature presentations and discussions by leading climate scientists, researchers, and experts in various fields, such as climate modeling, oceanography, and ecology.
3. Climate change experts: Specialists in climate change mitigation, adaptation, and resilience-building, including those from international organizations, NGOs, and academia, participate in IPCC meetings.
4. Policy-makers and decision-makers: High-level officials from governments, international organizations, and NGOs attend IPCC meetings to inform policy decisions and provide guidance on climate change mitigation and adaptation efforts.
5. Observers: Representatives from international organizations, NGOs, and the private sector attend IPCC meetings as observers, providing input and feedback on the IPCC's work.

These attendees come together to discuss and agree on the IPCC's assessments, reports, and recommendations, which inform global climate change policy and action.",1
How much of the IPCC attendees are government representatives?,"['about seven-eighths', 'seven-eighths', 'about seven-eighths']","According to the Intergovernmental Panel on Climate Change (IPCC), around 60-70% of the attendees at IPCC meetings are government representatives, including ministers, senior officials, and experts from national governments. The remaining 30-40% are scientists, experts, and observers from various organizations, including research institutions, universities, and non-governmental organizations.",0
"In a computational problem, what can be described as a string over an alphabet?","['problem instance', 'a problem instance', 'problem instance']","In a computational problem, a string over an alphabet can be described as a sequence of symbols chosen from a finite set of characters, known as the alphabet.",0
What is the name of the alphabet is most commonly used in a problem instance?,"['binary alphabet', 'binary', 'binary']","The most commonly used alphabet in a problem instance is the Latin alphabet, also known as the English alphabet, which consists of 26 letters: A-Z.",0
What is another term for the string of a problem instance?,"['bitstrings', 'bitstrings', 'bitstrings']","Another term for the string of a problem instance is an ""instance ID"" or ""problem ID"".",0
"In the encoding of mathematical objects, what is the way in which integers are commonly expressed?","['binary notation', 'binary notation', 'binary notation']","In the encoding of mathematical objects, integers are commonly expressed in binary format, which is a base-2 numeral system that uses only two digits: 0 and 1. This is because computers and most programming languages use binary code to represent and process data.",1
What is one way in which graphs can be encoded? ,"['adjacency matrices', 'directly via their adjacency matrices']",One way to encode graphs is through adjacency matrices. An adjacency matrix is a square matrix used to represent a finite graph. The elements of the matrix indicate whether pairs of vertices are adjacent or not.,1
Who wrote that it is difficult to produce an all inclusive definition of civil disobedience?,"['LeGrande', 'LeGrande', 'LeGrande', 'LeGrande', 'LeGrande']","Henry David Thoreau wrote that it is difficult to produce an all-inclusive definition of civil disobedience in his essay ""Civil Disobedience"" (1849).",0
Le Grande also wrote that defining the term civil disobedience so difficult it could be described as? ,"['impossible', 'a maze of semantical problems and grammatical niceties', 'impossible', 'impossible']","According to Henry David Thoreau's book ""Civil Disobedience"", defining the term civil disobedience is so difficult that it could be described as ""a delicate and sacred thing"".",0
Le grand asks for a variance of what three terms?,"['lawful protest demonstration, nonviolent civil disobedience, and violent civil disobedience', 'lawful protest demonstration, nonviolent civil disobedience, and violent civil disobedience', 'lawful protest demonstration, nonviolent civil disobedience, and violent civil disobedience', 'lawful protest demonstration, nonviolent civil disobedience, and violent civil disobedience', 'lawful protest demonstration, nonviolent civil disobedience, and violent civil disobedience']",Le grand asks for a variance of three population means.,0
Le grand states that students studying civil disobedience will often run into grammatical niceties and what other problem? ,"['semantical', 'semantical', 'a maze of semantical problems', 'semantical', 'semantical problems']","According to Le Grand, students studying civil disobedience will often run into grammatical niceties and the problem of ambiguity.",0
Le grand concludes that an author's words offer only what they intended for them to imply regarding this type of terminology?,"['specific', 'civil disobedience', 'specific', 'specific']","No, Roland Barthes, not Le grand, concludes that an author's words offer only what they intended for them to imply regarding this type of terminology.",0
Who said that writing a good description of civil disobedience is hard?,"['LeGrande', 'LeGrande', 'LeGrande', 'LeGrande', 'LeGrande']","Henry David Thoreau said that writing a good description of civil disobedience is hard in his essay ""Civil Disobedience"".",0
How much literature has been written regarding civil disobedience?,"['voluminous literature', 'voluminous', 'voluminous', 'voluminous']","Civil disobedience has been a topic of significant literary exploration, with numerous works written on the subject. Here are some notable examples:

1. Henry David Thoreau's ""Civil Disobedience"" (1849) - This essay is considered a foundational text on the topic and has inspired many subsequent writers.
2. Martin Luther King Jr.'s ""Letter from Birmingham Jail"" (1963) - King's famous letter is a powerful example of civil disobedience in action, as he argues for nonviolent resistance against racial segregation.
3. Gandhi's ""Autobiography: The Story of My Experiments with Truth"" (1927) - Gandhi's autobiography provides insight into his philosophy of nonviolent resistance, which was a key component of India's independence movement.
4. Howard Zinn's ""A People's History of the United States"" (1980) - Zinn's book provides a comprehensive history of the United States, including numerous examples of civil disobedience throughout American history.
5. Barbara Ehrenreich's ""The Hearts of Men: American Dreams and the Flight from Commitment"" (1983) - Ehrenreich's book explores the concept of civil disobedience in the context of American culture and society.
6. Arundhati Roy's ""The Algebra of Infinite Justice"" (2001) - Roy's essay collection includes a chapter on civil disobedience, in which she argues for the importance of nonviolent resistance in the face of global injustice.
7. Naomi Klein's ""The Shock Doctrine: The Rise of Disaster Capitalism"" (2007) - Klein's book explores the concept of civil disobedience in the context of global economic inequality and resistance to neoliberal policies.

These are just a few examples of the many works of literature that have been written on the topic of civil disobedience. The subject continues to be a relevant and timely topic, with new works being published regularly.",0
What issue plagues the literature about civil disobedience?,"['semantical problems and grammatical niceties', 'maze of semantical problems and grammatical niceties', 'semantical problems and grammatical niceties', 'semantical problems and grammatical niceties']","A significant issue plaguing the literature about civil disobedience is the lack of clear definitions and boundaries. Scholars and theorists often use the term ""civil disobedience"" loosely, without distinguishing it from other forms of protest or resistance. This ambiguity can lead to confusion and make it challenging to develop a comprehensive understanding of the concept.",0
What type of protest falls under civil disobedience without aggression?,"['nonviolent civil disobedience', 'nonviolent civil disobedience', 'nonviolent', 'nonviolent', 'nonviolent']","Non-violent direct action is a type of protest that falls under civil disobedience without aggression. This approach involves peaceful and intentional acts of defiance, such as sit-ins, boycotts, and occupations, to challenge unjust laws or policies. Examples include the Montgomery Bus Boycott, the Freedom Rides, and the Occupy Wall Street movement.",1
What type of civil disobedience is accompanied by aggression?,"['violent civil disobedience', 'violent civil disobedience', 'violent', 'violent', 'violent']","The type of civil disobedience accompanied by aggression is often referred to as ""violent civil disobedience"" or ""violent protest."" This approach involves using physical force or violence to achieve a political or social goal, often in defiance of laws or authority. Examples of violent civil disobedience include rioting, looting, and physical attacks on individuals or property.",1
What president eliminated the Christian position in the curriculum?,"['Charles W. Eliot', 'Charles W. Eliot', 'Charles W. Eliot']","John F. Kennedy, the 35th President of the United States, signed Executive Order 10925 in 1961, which prohibited federal agencies from engaging in religious discrimination and prohibited the use of federal funds for religious indoctrination. This executive order effectively eliminated the Christian position from being taught in federal curriculum.",0
What conviction motivated Eliot to move towards secularization?,"['Transcendentalist Unitarian', 'Transcendentalist Unitarian', 'Transcendentalist Unitarian']",Eliot's conviction that motivated him to move towards secularization was his disillusionment with the Church of England's inability to reform itself and its failure to address the social and economic problems of the time. He believed that the Church was too closely tied to the established order and was not doing enough to address the needs of the poor and the marginalized. This disillusionment led him to become increasingly critical of the Church and to seek a more secular and socially engaged approach to his work.,0
From whom were the movement that Eliot followed derived?,"['William Ellery Channing and Ralph Waldo Emerson', 'William Ellery Channing and Ralph Waldo Emerson', 'William Ellery Channing and Ralph Waldo Emerson']","Ezra Pound, a modernist poet, was a significant influence on T.S. Eliot's work. Pound introduced Eliot to the works of various modernist writers, including James Joyce, Gertrude Stein, and Henri Bergson, which had a profound impact on Eliot's poetry.",0
Vice President Agnew describes Civil disobedience in what activities?,"['muggers, arsonists, draft evaders, campaign hecklers, campus militants, anti-war demonstrators, juvenile delinquents and political assassins', 'civil disobedience', 'muggers, arsonists, draft evaders, campaign hecklers, campus militants, anti-war demonstrators, juvenile delinquents and political assassins', 'muggers, arsonists, draft evaders, campaign hecklers, campus militants, anti-war demonstrators, juvenile delinquents and political assassins', 'activities of muggers, arsonists, draft evaders, campaign hecklers, campus militants, anti-war demonstrators, juvenile delinquents and political assassins']","Vice President Spiro Agnew criticized civil disobedience in his 1969 speech, specifically mentioning anti-war protests, anti-draft protests, and anti-war demonstrations.",0
Civil disobedience has been argued in more recent times to have suffered from what?,"['ambiguity', 'debased', 'ambiguity', 'ambiguity', 'ambiguity']","Civil disobedience has been argued in more recent times to have suffered from a lack of strategic thinking, ineffective tactics, and a failure to build sustainable social movements.",0
More in the present prevalence of civil disobedience has turned and said to be?,"['utterly debased', 'debased', 'everything from bringing a test-case in the federal courts to taking aim at a federal official', 'utterly debased']","More in the present prevalence of civil disobedience has turned and said to be ""a powerful tool for social change"" and ""a means of last resort"" to bring attention to injustices and force governments to take action.",0
What person argues that civil disobedience is used to describe everything?,"['Marshall Cohen', 'Marshall Cohen', 'Marshall Cohen', 'Marshall Cohen', 'Marshall Cohen']",Hugo Adam Bedau argues that civil disobedience is used to describe everything.,0
"In modern times, what is said about civil disobedience?","['become utterly debased', 'utterly debased', 'in modern times, become utterly debased', 'become utterly debased', 'become utterly debased']","In modern times, civil disobedience is often viewed as a legitimate and effective means of bringing about social and political change. It is seen as a non-violent and peaceful way to challenge unjust laws and policies, and to promote human rights and social justice. Many modern thinkers and leaders, such as Martin Luther King Jr. and Nelson Mandela, have used civil disobedience as a key strategy in their campaigns for social change.

Civil disobedience is often praised for its ability to:

1. Bring attention to important issues: By engaging in acts of civil disobedience, individuals can draw attention to important social and political issues that might otherwise be ignored.
2. Challenge unjust laws and policies: Civil disobedience can be used to challenge laws and policies that are discriminatory, oppressive, or unjust, and to push for their reform or repeal.
3. Promote social change: By using non-violent and peaceful means, civil disobedience can be an effective way to bring about social change and to promote human rights and social justice.
4. Inspire others: Civil disobedience can inspire others to take action and to become involved in the struggle for social change.

However, civil disobedience is not without its challenges and controversies. Some of the criticisms of civil disobedience include:

1. Disruption of social order: Civil disobedience can disrupt social order and cause inconvenience to others, which can be problematic.
2. Violation of laws: Civil disobedience often involves violating laws and regulations, which can be illegal and can lead to arrest and punishment.
3. Potential for violence: While civil disobedience is often non-violent, there is always a risk that it could escalate into violence, which can be harmful and counterproductive.

Overall, civil disobedience is a complex and controversial topic, and its effectiveness and legitimacy depend on a variety of factors, including the context in which it is used, the goals and motivations of those involved, and the potential consequences of the actions taken.",0
Who noted the different current uses of civil disobedience?,"['Marshall Cohen', 'Marshall Cohen', 'Marshall Cohen', 'Marshall Cohen', 'President Agnew']","Henry David Thoreau noted the different current uses of civil disobedience in his 1849 essay ""Civil Disobedience"".",0
How has civil disobedience evolved in current times?,"['code-word describing the activities of muggers, arsonists, draft evaders', 'utterly debased', 'become utterly debased', 'become utterly debased', 'become utterly debased']","Civil disobedience has evolved in current times through technological advancements, changing social norms, and shifting political landscapes. Here are some key developments:

1. Digital activism: Social media and online platforms have enabled widespread mobilization, amplifying voices, and facilitating global connections. Hashtag campaigns, online petitions, and digital protests have become common.
2. Non-violent direct action: Tactics like sit-ins, boycotts, and occupations have become more prominent, often targeting specific issues like climate change, racial justice, and LGBTQ+ rights.
3. Intersectionality: Civil disobedience has become more inclusive, addressing multiple issues simultaneously, such as racial and gender equality, economic justice, and environmental concerns.
4. Globalization: International cooperation and solidarity have increased, with global movements like #MeToo, #BlackLivesMatter, and #FridaysForFuture gaining international attention and support.
5. Mainstreaming: Civil disobedience has become more mainstream, with celebrities, athletes, and politicians using their platforms to support social and environmental causes.
6. Increased police militarization: The use of force and surveillance by law enforcement has led to a growing awareness of the need for accountability and reform.
7. Shift from traditional protests: Traditional protests have given way to more creative and unconventional forms of civil disobedience, such as flash mobs, street art, and performance activism.
8. Growing importance of community engagement: Civil disobedience has become more community-driven, with a focus on building relationships, fostering empathy, and promoting collective action.
9. Increased use of technology for surveillance and control: Governments and corporations have developed advanced surveillance technologies, leading to a growing need for digital security and privacy protections.
10. Evolving legal frameworks: Laws and regulations surrounding civil disobedience have changed, with some countries criminalizing certain forms of protest while others have implemented more lenient approaches.

These developments reflect the dynamic and adaptive nature of civil disobedience, as individuals and groups continue to find innovative ways to challenge power structures and promote positive change.",0
Who gave a negative connotation to civil disobedience in recent history?,"['Vice President Agnew', 'Vice President Agnew', 'Vice President Agnew', 'Vice President Agnew', 'Marshall Cohen']","In recent history, the negative connotation to civil disobedience was largely given by the media and some political leaders in response to the Black Lives Matter movement and other social justice protests in the United States.",0
What issue has been plaguing the civil disobedience movement.,"['ambiguity', 'ambiguity', 'ambiguity', 'ambiguity']","One issue that has been plaguing the civil disobedience movement is the lack of mainstream media coverage and attention. Despite the bravery and dedication of activists, their actions and messages often go unnoticed or underreported by mainstream media outlets. This can make it difficult for the movement to gain traction, build momentum, and inspire widespread support.",0
,,88,
,,,
,,28,
