,question,answers,gen_answer,truth
0,"who introduced modern methods of surgery, such as antiseptics, sterilization, and washing hands? brainly",Joseph Lister,"**Joseph Lister** is credited with introducing modern methods of surgery, including antiseptics, sterilization, and handwashing. 
",1.0
1,president adams,"John Quincy Adams was an American statesman who served as a diplomat, minister and ambassador to foreign nations, and treaty negotiator, United States Senator, U.S. Representative from Massachusetts, and the sixth President of the United States from 1825 to 1829.","Please clarify your question. What about President Adams would you like to know? 

For example, you could ask:

* What were President Adams's main accomplishments?
* What were President Adams's political beliefs?
* What is President Adams known for? 


Once you provide a specific question, I can give you a concise and accurate answer. 
",0.0
2,define semitic,"A member of any of a number of peoples of ancient southwestern Asia including the Akkadians, Phoenicians, Hebrews and Arabsb.","## Definitions:

**Semitic:**

*  Refers to a language family including languages like Arabic, Hebrew, Aramaic, and Amharic. 
*  These languages share common roots and grammatical structures.
*  Sometimes used, controversially, to describe people of Middle Eastern or North African descent who speak these languages.

**Semipoint:**

*  A term with no widely accepted definition. 
*  It might be a misspelling of ""semi-point,"" which could refer to:
    *  Half a point in a scoring system.
    *  A point that is partially obscured or unclear.


Let me know if you had a specific context in mind for ""semipoint""! 
",1.0
3,what is wudfhost service,It is a set of Microsoft tools that aid in the creation of device drivers for Windows.,"Wudfhost is a Windows service that handles communication between the operating system and USB devices.  

It's responsible for:

* **Installing and managing USB drivers**
* **Allocating resources to USB devices**
* **Handling data transfers between devices and the computer**


Let me know if you'd like more details about a specific aspect of wudfhost!
",1.0
4,what is an overactive pancreas,"An overactive pancrease would produce more enzymes, but in the Islets of Langerhans, it could also produce too much insulin. Too much insulin in the blood could produce Hypoglycemia or low blood sugar.This is sometimes called pre-diabetes.","An overactive pancreas produces too much of the enzymes it makes, leading to **pancreatitis**.  

This can cause inflammation and damage to the pancreas itself. 
",0.0
5,where is ATP synthase located,In the mitochondria,"ATP synthase is located in the **inner mitochondrial membrane** in eukaryotes and the **plasma membrane** in prokaryotes.  
",1.0
6,what kind of bond is created by the attraction between atomic particles of opposite charge?,Ionic,"An **ionic bond** is created by the attraction between oppositely charged atomic particles. 
",1.0
7,how much money does a athletic trainer trainer get a year,"$38,000 to $82,000 per year","The salary of an athletic trainer can vary widely based on experience, location, and employer. 

**On average, athletic trainers in the US earn between $40,000 and $70,000 per year.** 

",0.0
8,how long before rigor sets in,12 hour,"Rigor mortis typically begins 2-4 hours after death. 
",0.0
9,what is the color code for a rainbow,"In rainbow, the code for red is #FF0000, #FF7F00 for orange and #FFFF00 for yellow.","The color code for a rainbow, in order, is:

**Red, Orange, Yellow, Green, Blue, Indigo, Violet** 

You can remember it with the acronym ROYGBIV. 
",0.0
10,charity navigator definition,Charity Navigator is an American independent charity watchdog organization that evaluates charitable organizations in the United States.,"Charity Navigator is an independent charity evaluator that rates the financial health, accountability, and transparency of nonprofits. 

They provide ratings and information to help donors make informed giving decisions. 
",1.0
11,can ativan be used for insomnia,Yes,"Yes, Ativan (lorazepam) can be used for short-term treatment of insomnia. 

**Important:** It's a benzodiazepine and can be habit-forming.  It should only be used under a doctor's supervision. 
",1.0
12,who is gal rimon gameffective,Founder and ceo of gameffective.,"Gal Rimon is a prominent figure in the gaming industry, known for his work as a game designer and developer.  He is particularly recognized for his contributions to the popular game ""League of Legends."" 
",0.0
13,indication that a breastfed baby is getting an adequate amount of milk is,The first dark stools passed by the baby to yellow stools by Day 5 and three to four stools per day by the fourth day of life.,"A breastfed baby getting an adequate amount of milk typically exhibits the following:

* **Frequent feeding:** 8-12 times in 24 hours, especially in the early weeks.
* **Wet and dirty diapers:** 6-8 wet diapers and 3-5 bowel movements per day.
* **Healthy weight gain:**  Gaining weight steadily according to their growth chart.
* **Contentment after feeding:**  Sleeping soundly and showing signs of satisfaction.
* **Good latch and sucking:**  A deep latch and strong sucking reflex. 


If you have concerns about your baby's milk intake, consult a pediatrician or lactation consultant. 
",0.0
14,what degree do you have to get to a engineer,"An engineer's degree is an advanced academic degree in engineering that is conferred in Europe, some countries of Latin America, and a few institutions in the United States.","You typically need a **Bachelor's degree** in engineering to become a licensed engineer.  
",1.0
15,what year was the xbox released,2001,"2001 
",1.0
16,where is the deepest body of ocean,Mariana Trench,"The Challenger Deep in the Mariana Trench. 
",1.0
17,which is better for you aspirin or ibuprofen,Aspirin,"It depends on your specific needs. 

* **Aspirin** is better for preventing heart attacks and strokes, but can cause stomach upset.
* **Ibuprofen** is better for pain and inflammation, and is generally gentler on the stomach.

**Consult a doctor** to determine which is best for you. 
",0.0
18,what is the difference between conductivity and resistivity,"Conductivity is the electrical current flow, while resistivity is a measure of the material's ability to oppose electric current.","Conductivity is a measure of how easily a material allows electric current to flow through it. Resistivity is a measure of how strongly a material opposes the flow of electric current. 

**Conductivity is the inverse of resistivity.** 

* **High conductivity** means **low resistivity** (easily conducts electricity).
* **Low conductivity** means **high resistivity** (poorly conducts electricity). 
",1.0
19,how soon can nausea start in pregnancy,As early as the second week of your pregnancy.,"Nausea and vomiting in pregnancy (morning sickness) can start as early as **the first few weeks**, often between **4 and 8 weeks**. 
",0.0
20,what is a nata,It is the authority that provides independent assurance of technical competence through a proven network of best practice industry experts for customers who require confidence.,"NATA is the **National Association of Testing Authorities**. 

It's an Australian organization that accredits testing laboratories and personnel to ensure they meet high quality standards. 
",0.0
21,what is a palliative consult,"Palliative Care Program is a specialized service providing pain and symptom management, counseling, support and guidance in navigating health care options and choices.","A palliative consult is a referral to a specialist in palliative care to help manage a patient's symptoms and improve their quality of life when facing a serious illness.  
",0.0
22,what is the survival rate for ovarian cancer,57% to 90%,"The survival rate for ovarian cancer depends heavily on the stage at diagnosis. 

* **Early stage (Stages I & II):**  Around 90% five-year survival rate.
* **Later stage (Stages III & IV):**  Around 30% five-year survival rate. 


It's crucial to remember these are averages, and individual outcomes vary greatly. 
",0.0
23,bible names meaning jeremy,"The meaning of name Jeremy is ""god will uplift"".","Jeremiah 

**Meaning:** ""Jehovah Exalts"" or ""The Lord Exalts"" 
",0.0
24,where does the nile river end/,Mediterranean Sea,"The Nile River ends in the Mediterranean Sea. 
",1.0
25,what county is elkader iowa in,Clayton,"Clayton County 
",1.0
26,what does ear wax color mean,"If your wax is dark, that means the wax is filled with debris, dust, dirt, and microorganisms.","Earwax color can vary from person to person and is generally not a cause for concern. 

Here's a general guide:

* **Yellow/Brown:**  Most common, indicates healthy earwax.
* **Light Yellow:**  Can be normal, especially in dry climates.
* **White/Gray:**  May indicate dry earwax or a buildup.
* **Black/Dark Brown:**  Could be due to dirt, debris, or certain medications.
* **Red/Bloody:**  May signal an ear infection, injury, or irritation.

**If you notice a significant change in earwax color or have any concerns, consult a doctor.** 
",1.0
27,executive officer meaning,"An executive officer (often abbreviated XO) is generally a person responsible for running an organization, although the exact nature of the role varies depending on the organization.","An **executive officer** is a high-ranking official in an organization who helps the CEO or top executive manage the company. 

They often oversee specific departments or functions and report directly to the CEO. 
",1.0
28,lanark what county,Lanark is in Lanark County.,"Lanark is in **Lanark County**, Ontario, Canada. 
",1.0
29,what county is vega tx in,Oldham County,"Vega, TX is in **Oldham County**. 
",1.0
30,chicago illinois is in what county,Cook,"Cook County 
",1.0
31,is canola oil unhealthy,No,"Canola oil is generally considered a healthy oil. 

It's low in saturated fat and high in monounsaturated and polyunsaturated fats, which can benefit heart health. 

",1.0
32,how many game of thrones books are there,Five books.,"There are 5 published books in the *A Song of Ice and Fire* series, on which Game of Thrones is based. 
",1.0
33,the iran-contra,The Iran Contra Affair began as an internal U.S. confrontation between Ronald Reagan and the Democratic Congress.,"The Iran-Contra affair was a political scandal in the United States during the second term of the Reagan administration. 

**In short:**

* The U.S. secretly sold arms to Iran (under an arms embargo) in exchange for the release of American hostages.
* Profits from these sales were then illegally diverted to fund the Contras, a rebel group fighting the socialist Sandinista government in Nicaragua.

This violated U.S. law and congressional restrictions on aiding the Contras. 
",1.0
34,what was the inqisitions all about,An organization in the Roman Catholic Church in the past that was responsible for finding and punishing people who did not accept its beliefs and practices.,"The Inquisitions were a series of tribunals established by the Catholic Church to identify and punish heresy.  
",1.0
35,what is a requirement traceability matrix,It is a document that links requirements throughout the validation process.,"A requirement traceability matrix (RTM) is a document that shows the relationships between requirements and other artifacts in a project, such as test cases, design documents, and code. 

It helps ensure that all requirements are:

* **Complete:**  Every requirement has a link to something that addresses it.
* **Consistent:** Requirements don't conflict with each other.
* **Verified:**  There's evidence that each requirement has been met. 


Essentially, it provides a clear and organized view of how requirements flow through the development process.
",1.0
36,which birth control method reduces the risk of pregnancy and protects from sexually transmitted infections?,The male latex or polyurethane condom and female condom.,"A condom. 
",1.0
37,does nerve damage from chemo heal,Yes,"Nerve damage from chemo (chemotherapy-induced peripheral neuropathy) can vary in severity and sometimes improves after treatment ends.  

**However, it can be permanent in some cases.** 

Recovery depends on many factors, including the type and dose of chemo, individual health, and time. 
",0.0
38,uso definition,"It is a nonprofit organization that provides programs, services and live entertainment to United States service members and their families.","Please provide me with the question you would like me to answer. 

",0.0
39,what is mass multiplied by acceleration,Force,"Force 
",1.0
40,what is concasse,"Concasse is a cooking term meaning to rough chop any ingredient, usually vegetables.","Concasse is a French culinary term meaning ""to crush"" or ""to break up."" 

In practice, it refers to **dicing tomatoes and removing the seeds and skin**.  
",0.0
41,harriet beecher stowe birthday,"Harriett Beecher Stowe's birthday is on June 14, 1811.","June 14, 1811 
",1.0
42,define language deprived,"It is associated with the lack of linguistic stimuli that are necessary for the language acquisition processes in an individual, usually in a very impoverished environment.","## Definitions:

**Language Point:** A specific grammatical rule, vocabulary item, or pronunciation feature that is important for understanding and using a language effectively.

**Language Deprived:**  A person who lacks sufficient exposure to and/or opportunities to learn and use a language, often resulting in difficulties with communication, literacy, and cognitive development. 


Let me know if you have any other questions!
",1.0
43,role clarity definition,Role clarity is what it is that is nursing’s alone to own as well as to define the role of each individual nurse in each domain of practice.,"Role clarity is the **understanding of one's responsibilities, expectations, and boundaries within a specific role**. 
",1.0
44,what does the name cull mean,Killing,"""Cull"" means to select and remove (something unwanted or inferior). 
",0.0
45,can deadlifting make your joints sore,"Yes, Knees may be getting sore from deadlifts.","Yes, deadlifting can make your joints sore, especially if done incorrectly or with too much weight. 

Proper form and gradual progression are crucial to minimize joint stress. 
",1.0
46,________ is typically formed by metamorphism of a sandstone.,Quartzite,"Quartzite 
",1.0
47,what is the meaning of impairment,"Any loss or abnormality of psychological, physiological or anatomical structure or function.","Impairment means a **loss or reduction in function or ability**.  

This can apply to:

* **Physical abilities:**  like vision, hearing, or mobility.
* **Cognitive abilities:** like memory, attention, or problem-solving.
* **Mental health:** like depression or anxiety. 


It's important to note that impairment exists on a spectrum, and the severity can vary greatly. 
",1.0
48,what time do spring semesters start,At the end of January.,"Spring semesters typically start in **January or February**. 

The exact start date varies by university. 
",1.0
49,can crl be used on fiberglass,"Yes, crl can be used on fiberglass.","No, CRL (Construction Rubber Latex) is not typically used on fiberglass. 

It's designed for bonding to concrete, masonry, and other similar materials.  Fiberglass requires specialized adhesives. 
",0.0
50,what is  the action of the  trapezius muscle to the scapula,"Moving, rotating, and stabilizing.","The trapezius muscle has several actions on the scapula, including:

* **Elevation:** Raises the scapula (shrugs shoulders)
* **Depression:** Lowers the scapula
* **Retraction:** Pulls the scapula backward and downward
* **Protraction:** Pushes the scapula forward and upward
* **Rotation:** Rotates the scapula 


Let me know if you'd like more detail on any specific action! 
",1.0
51,oceanic crust is composed primarily of ________.,Basalts,"Basalt 
",1.0
52,cast of hush,"Casts of Hush are Kate Siegel as Maddie,John Gallagher Jr. as Man, Michael Trucco as John, Samantha Sloyan as Sarah,Emilia Graves as Max.","Please provide me with the question you'd like answered.  

It seems like you're asking about the cast of a movie or show called ""Hush.""  To help me give you the right information, please tell me:

* **Is this a movie or a TV show?**
* **Do you know the year it was released?** 


Let me know, and I'll do my best! 
",0.0
53,what is the tennessee state tax in nashville,"7% of state sales tax,Depending on local municipalities, the total tax rate can be as high as 9.75%.","The Tennessee state tax rate is a flat 6%.  
",0.0
54,starting salary of registered nurse,"$28,000-$50,000 per year","Starting salaries for registered nurses vary widely based on location, experience, and specialization. 

**Generally, expect a range of $55,000 to $75,000 per year.** 
",0.0
55,average pulse rate for male adults,60 to 100 beats a minute.,"The average resting pulse rate for male adults is **60-100 beats per minute**. 
",1.0
56,how dissolve pills faster,Some pills are completely water soluble and therefore would dissolve in water faster than other liquids which are a mixture of water with other compounds.,"It's generally **not recommended** to try to dissolve pills faster. 

Here's why:

* **Altering the drug's release:** Pills are designed to dissolve at a specific rate to deliver the medication effectively. Dissolving them faster can lead to a sudden surge of the drug, increasing the risk of side effects or overdose.
* **Damage to the pill:** Some pills have coatings that protect them from stomach acid or ensure a controlled release.  Dissolving them too quickly can damage these coatings.

**If you have trouble swallowing pills, talk to your doctor or pharmacist.** They may be able to offer alternatives, such as:

* **Liquid formulations:** Some medications are available in liquid form.
* **Crushed pills:** In some cases, your doctor may allow you to crush and mix pills with food, but this should only be done under their guidance.
* **Pill swallowers:** These devices can help make swallowing pills easier. 


**Never dissolve pills without consulting your doctor or pharmacist.** 
",0.0
57,normal high temperatures des moines iowa,75A°,"The average high temperatures in Des Moines, Iowa vary throughout the year:

* **Summer (June-August):** 85-90°F (29-32°C)
* **Spring and Fall (April-May, September-October):** 60-70°F (15-21°C)
* **Winter (November-March):** 30-40°F (-1-4°C) 


Let me know if you'd like more specific information for a particular month! 
",0.0
58,how many calories in fortune cookie,30 calories per one fortune cookie.,"A typical fortune cookie has about **20-30 calories**. 
",1.0
59,what is a signature dish,A signature dish is a dish that is closely identified with a chef or a restaurant and stands out as a prime example of that person's or establishment's cuisine.,"A signature dish is a particular dish that a restaurant, chef, or cuisine is known for.  
",1.0
60,another name for joy stick,The control lever of an airplane.,"Game controller 
",0.0
61,what does arm wing liposuction cost,"Between $1,500 and $5,000","Arm liposuction costs vary widely depending on factors like:

* **Surgeon's experience:** More experienced surgeons often charge more.
* **Geographic location:** Costs differ based on where you live.
* **Extent of the procedure:** Larger areas require more time and expertise.
* **Anesthesia fees:** These can add to the overall cost.

**Rough estimates range from $3,000 to $7,000 per arm.** 

It's best to consult with a board-certified plastic surgeon for a personalized quote. 
",0.0
62,"how much does a police officer make in charleston, illinois","$34,000","I do not have access to real-time information, including salary data for specific locations. 

To find the salary of a police officer in Charleston, Illinois, I recommend checking:

* **The City of Charleston's website:** They may have information on employee salaries.
* **Job websites:** Sites like Indeed, Glassdoor, or Salary.com often list salary ranges for specific job titles and locations.
* **Local government resources:** The Illinois Municipal League or the Charleston Chamber of Commerce may have information on local salaries. 

",0.0
63,what is botdf,It was the only track from Blood on the Dance Floor.,"BOTDF stands for **""Big Ol' Texas Dirt Farm""**. 

It's a popular meme format featuring a photo of a large, muddy field with the caption ""BOTDF"". 
",0.0
64,Which name is also used to describe the Amazon rainforest in English?,"['also known in English as Amazonia or the Amazon Jungle,', 'Amazonia or the Amazon Jungle', 'Amazonia']","The Amazon jungle 
",1.0
65,How many square kilometers of rainforest is covered in the basin?,"['5,500,000 square kilometres (2,100,000 sq mi) are covered by the rainforest.', '5,500,000', '5,500,000']","Please provide the name of the basin you are referring to. 
",0.0
66,How many nations control this region in total?,"['This region includes territory belonging to nine nations.', 'nine', 'nine']","Please provide the region you are asking about. 
",0.0
67,"How many nations contain ""Amazonas"" in their names?","['States or departments in four nations contain ""Amazonas"" in their names.', 'four', 'four']","Two. 

* Brazil
* Colombia 
",0.0
68,What percentage does the Amazon represents in rainforests on the planet?,"[""The Amazon represents over half of the planet's remaining rainforests"", 'over half']","The Amazon rainforest represents about **60%** of the world's remaining rainforests.  
",1.0
69,What is the Dutch word for the Amazon rainforest?,"['Amazoneregenwoud', 'Amazoneregenwoud', 'Amazoneregenwoud']","Amazonewoud  
",0.0
70,What rainforest covers the majority of the Amazon basin in South America?,"['The Amazon rainforest', 'Amazon rainforest', 'The Amazon']","The Amazon Rainforest 
",1.0
71,In what country can most of the Amazon rainforest be found?,"['Brazil', 'Brazil', 'Brazil']","Brazil 
",1.0
72,The Amazon rainforest makes up what amount of Earth's rainforests?,"['over half', 'over half', 'over half']","The Amazon rainforest makes up about **half** of Earth's rainforests. 
",0.0
73,How many species of trees can be found in the Amazon rainforest?,"['16,000', '16,000', '16,000']","There are an estimated **16,000** species of trees in the Amazon rainforest. 
",1.0
74,What kind of forest is the Amazon rainforest?,"['moist broadleaf forest', 'moist broadleaf forest', 'tropical']","The Amazon rainforest is a **tropical rainforest**. 
",1.0
75,How many square kilometers is the Amazon Basin?,"['7,000,000 square kilometres (2,70', '7,000,000', '7,000,000 square kilometres']","The Amazon Basin is approximately 7 million square kilometers.  
",1.0
76,How many nations are within the Amazon Basin?,"['nine nations', 'nine', 'nine']","Nine nations. 
",1.0
77,Which nation contains the majority of the amazon forest?,"['Brazil', 'Brazil', 'Brazil']","Brazil 
",1.0
78,Which Florida city has the biggest population?,"['Jacksonville', 'Jacksonville', 'Jacksonville']","Jacksonville 
",1.0
79,What was the population Jacksonville city as of 2010?,"['1,345,596', '1,345,596', '1,345,596']","I believe you meant to ask for the population of Jacksonville in 2010. 

The population of Jacksonville, Florida, in 2010 was **821,784**. 
",0.0
80,"Based on population alone, what is Jacksonville's ranking in the United States?","['12th', '12th', '12th']","Jacksonville is the 12th most populous city in the United States. 
",1.0
81,In which county does Jacksonville reside?,"['Duval', 'Duval County', 'Duval County']","Duval County 
",1.0
82,What year did consolidation cause Jacksonville to become part of Duval County?,"['1968', '1968', '1968']","1897 
",0.0
83,When did the 1973 oil crisis begin?,"['October 1973', 'October 1973', 'October 1973', 'October', '1973']","October 1973 
",1.0
84,What was the price of oil in March of 1974?,"['nearly $12', '$12', '$12', '$12', '$12']","I believe you meant to ask about the price of oil in March of **1974**. 

The price of oil in March 1974 was around **$12 per barrel**. 
",1.0
85,When was the second oil crisis?,"['1979', '1979', '1979', '1979', '1979']","The second oil crisis occurred in **1979**. 
",1.0
86,What was another term used for the oil crisis?,"['first oil shock', 'shock', 'shock', 'first oil shock', 'shock']","The oil crisis was also called the **energy crisis**. 
",0.0
87,Who proclaimed the oil embargo?,"['members of the Organization of Arab Petroleum Exporting Countries', 'members of the Organization of Arab Petroleum Exporting Countries', 'Organization of Arab Petroleum Exporting Countries', 'members of the Organization of Arab Petroleum Exporting Countries', 'OAPEC']","The Organization of Arab Petroleum Exporting Countries (OAPEC) proclaimed the oil embargo. 
",1.0
88,Who provides the bill of quantities?,"['a quantity surveyor', 'quantity surveyor', 'quantity surveyor']","The quantity surveyor typically provides the bill of quantities. 
",1.0
89,The owner typically awards a contract to who?,"['the most cost efficient bidder', 'the most cost efficient bidder', 'most cost efficient bidder']","The owner typically awards a contract to the **lowest bidder** who meets the required specifications. 
",0.0
90,What process do moderate and reformist Islamists work within the boundaries of?,"['democratic', 'democratic process', 'democratic']","Moderate and reformist Islamists work within the boundaries of **democratic processes**. 
",1.0
91,What is Southern California often abbreviated as?,"['SoCal', 'SoCal', 'SoCal']","SoCal 
",1.0
92,"Despite being traditionall described as ""eight counties"", how many counties does this region actually have?","['10 counties', '10', '10']","The ""Eight Counties"" region actually has **nine** counties. 
",0.0
93,What is a major importance of Southern California in relation to California and the United States?,"['economic center', 'major economic center', 'economic center']","Southern California is a major economic and cultural hub for both California and the United States. 
",1.0
94,"What are the ties that best described what the ""eight counties"" are based on?","['demographics and economic ties', 'economic', 'demographics and economic']","The ""Eight Counties"" are best described as being tied together by **geographical proximity** and **historical shared experiences**.  
",0.0
95,The reasons for the las two counties to be added are based on what?,"['historical political divisions', 'historical political divisions', 'historical political divisions']","Please provide the context! I need to know which two counties you're referring to and what list they were added to. 


For example, tell me:

* ""The last two counties added to **California** are based on what?""
* ""The last two counties added to **this list of counties with the highest population** are based on what?"" 

Once you give me more information, I can help! 
",0.0
96,Who is the chair of the IPCC?,"['Hoesung Lee', 'Hoesung Lee', 'Hoesung Lee']","Hoesung Lee  
",1.0
97,What nationality is Hoesung Lee?,"['Korean', 'onomist', 'Korean']","South Korean 
",1.0
98,Who is the vice-chair of the IPCC?,"['Ismail El Gizouli', 'Ismail El Gizouli', 'Ismail El Gizouli']","The Vice-Chair of the IPCC is **Debra Roberts**. 
",0.0
99,Who was the first chair of the IPCC?,"['Bert Bolin', 'Bert Bolin', 'Bert Bolin']","Robert Watson  
",0.0
100,When did Pachauri resign as chair of the IPCC?,"['February 2015', 'February 2015', 'February 2015']","Rajendra Pachauri resigned as chair of the IPCC in **February 2015**. 
",1.0
101,What is a mechanical barrier in insects that protects the insect?,"['exoskeleton', 'exoskeleton', 'exoskeleton']","The exoskeleton. 
",1.0
102,Who is on the IPCC Panel?,"['representatives appointed by governments and organizations', 'representatives appointed by governments and organizations', 'representatives appointed by governments and organizations']","The IPCC (Intergovernmental Panel on Climate Change) is made up of hundreds of scientists from around the world. 

They are nominated by governments and selected by the IPCC Bureau. 
",0.0
103,How many people attended the 2003 IPCC meeting?,"['350', '350', '350']","Unfortunately, the exact number of attendees for the 2003 IPCC meeting is not readily available in public sources. 
",0.0
104,How much of the IPCC attendees are government representatives?,"['about seven-eighths', 'seven-eighths', 'about seven-eighths']","It's difficult to give an exact percentage. 

The IPCC is made up of scientists who are nominated by their governments, but they work independently.  

While governments appoint the scientists, the IPCC itself is not a government body. 

",1.0
105,"In a computational problem, what can be described as a string over an alphabet?","['problem instance', 'a problem instance', 'problem instance']","A sequence of symbols, each drawn from a defined set (the alphabet). 
",0.0
106,What is the name of the alphabet is most commonly used in a problem instance?,"['binary alphabet', 'binary', 'binary']","Latin alphabet 
",0.0
107,What is another term for the string of a problem instance?,"['bitstrings', 'bitstrings', 'bitstrings']","Input 
",0.0
108,"In the encoding of mathematical objects, what is the way in which integers are commonly expressed?","['binary notation', 'binary notation', 'binary notation']","Integers are commonly expressed using **binary** encoding. 
",1.0
109,What is one way in which graphs can be encoded? ,"['adjacency matrices', 'directly via their adjacency matrices']","One way to encode graphs is using **adjacency matrices**. 
",1.0
110,Who wrote that it is difficult to produce an all inclusive definition of civil disobedience?,"['LeGrande', 'LeGrande', 'LeGrande', 'LeGrande', 'LeGrande']","**Gene Sharp** 
",0.0
111,Le Grande also wrote that defining the term civil disobedience so difficult it could be described as? ,"['impossible', 'a maze of semantical problems and grammatical niceties', 'impossible', 'impossible']","Defining civil disobedience is so difficult it could be described as **""a Sisyphean task.""** 


Let me know if you have any other questions! 
",0.0
112,Le grand asks for a variance of what three terms?,"['lawful protest demonstration, nonviolent civil disobedience, and violent civil disobedience', 'lawful protest demonstration, nonviolent civil disobedience, and violent civil disobedience', 'lawful protest demonstration, nonviolent civil disobedience, and violent civil disobedience', 'lawful protest demonstration, nonviolent civil disobedience, and violent civil disobedience', 'lawful protest demonstration, nonviolent civil disobedience, and violent civil disobedience']","Le grand asks for a variance of **time, space, and matter**. 
",0.0
113,Le grand states that students studying civil disobedience will often run into grammatical niceties and what other problem? ,"['semantical', 'semantical', 'a maze of semantical problems', 'semantical', 'semantical problems']","Le Grand states that students studying civil disobedience will often run into **philosophical problems**.  
",0.0
114,Le grand concludes that an author's words offer only what they intended for them to imply regarding this type of terminology?,"['specific', 'civil disobedience', 'specific', 'specific']","Le Grand concludes that an author's words only offer what they **intended** to imply regarding the meaning of terminology. 
",0.0
115,Who said that writing a good description of civil disobedience is hard?,"['LeGrande', 'LeGrande', 'LeGrande', 'LeGrande', 'LeGrande']","That quote is often attributed to **Martin Luther King Jr.** 
",0.0
116,How much literature has been written regarding civil disobedience?,"['voluminous literature', 'voluminous', 'voluminous', 'voluminous']","It's impossible to quantify the exact amount of literature on civil disobedience. 

There are countless books, articles, essays, and legal documents addressing the topic from various philosophical, historical, and political perspectives. 

",0.0
117,What issue plagues the literature about civil disobedience?,"['semantical problems and grammatical niceties', 'maze of semantical problems and grammatical niceties', 'semantical problems and grammatical niceties', 'semantical problems and grammatical niceties']","A major issue plaguing literature about civil disobedience is the **lack of consensus on its definition and justification**.  

There's ongoing debate about:

* **When is disobedience justified?**
* **What are the limits of civil disobedience?**
* **What are its ethical implications?** 


This lack of clarity makes it difficult to have meaningful discussions and analyze its effectiveness. 

",0.0
118,What type of protest falls under civil disobedience without aggression?,"['nonviolent civil disobedience', 'nonviolent civil disobedience', 'nonviolent', 'nonviolent', 'nonviolent']","Nonviolent resistance. 
",1.0
119,What type of civil disobedience is accompanied by aggression?,"['violent civil disobedience', 'violent civil disobedience', 'violent', 'violent', 'violent']","**Violent civil disobedience** 
",1.0
120,What president eliminated the Christian position in the curriculum?,"['Charles W. Eliot', 'Charles W. Eliot', 'Charles W. Eliot']","There is no record of any U.S. president eliminating a ""Christian position"" from the curriculum. 

It's important to note:

* **Separation of Church and State:** The U.S. Constitution mandates the separation of church and state, meaning public schools cannot promote or endorse any specific religion.
* **Curriculum Content:** Curriculum decisions are typically made at the state and local levels, not by the federal government. 


Let me know if you have any other questions. 
",0.0
121,What conviction motivated Eliot to move towards secularization?,"['Transcendentalist Unitarian', 'Transcendentalist Unitarian', 'Transcendentalist Unitarian']","Eliot's conviction that **religious dogma was stifling human creativity and intellectual growth** motivated his move towards secularization. 
",0.0
122,From whom were the movement that Eliot followed derived?,"['William Ellery Channing and Ralph Waldo Emerson', 'William Ellery Channing and Ralph Waldo Emerson', 'William Ellery Channing and Ralph Waldo Emerson']","T.S. Eliot's movement, Modernism, was derived from a variety of sources including:

* **French Symbolism:**  Emphasis on suggestion and evoking emotions through imagery.
* **Post-Impressionism:**  Focus on subjective experience and fragmentation of form.
* **Imagism:**  Clear, precise language and focus on concrete images. 
* **The Waste Land:**  Eliot's own seminal work, which synthesized these influences. 


Let me know if you'd like more detail on any of these influences! 
",0.0
123,Vice President Agnew describes Civil disobedience in what activities?,"['muggers, arsonists, draft evaders, campaign hecklers, campus militants, anti-war demonstrators, juvenile delinquents and political assassins', 'civil disobedience', 'muggers, arsonists, draft evaders, campaign hecklers, campus militants, anti-war demonstrators, juvenile delinquents and political assassins', 'muggers, arsonists, draft evaders, campaign hecklers, campus militants, anti-war demonstrators, juvenile delinquents and political assassins', 'activities of muggers, arsonists, draft evaders, campaign hecklers, campus militants, anti-war demonstrators, juvenile delinquents and political assassins']","Vice President Agnew described civil disobedience as **activities like burning draft cards, blocking traffic, and demonstrating in public places**. 
",1.0
124,Civil disobedience has been argued in more recent times to have suffered from what?,"['ambiguity', 'debased', 'ambiguity', 'ambiguity', 'ambiguity']","Civil disobedience has been argued to have suffered from a **lack of effectiveness** and **potential for harm**. 
",1.0
125,What person argues that civil disobedience is used to describe everything?,"['Marshall Cohen', 'Marshall Cohen', 'Marshall Cohen', 'Marshall Cohen', 'Marshall Cohen']","**John Rawls** argues that civil disobedience is used to describe everything. 
",0.0
126,"In modern times, what is said about civil disobedience?","['become utterly debased', 'utterly debased', 'in modern times, become utterly debased', 'become utterly debased', 'become utterly debased']","Civil disobedience is generally seen as a **legitimate and necessary tool for social change**, though its use is often debated. 

It's praised for:

* **Highlighting injustice:** Bringing attention to issues ignored by authorities.
* **Promoting dialogue:**  Forcing society to confront uncomfortable truths.
* **Driving progress:**  Leading to legal and social reforms.

However, concerns exist about:

* **Potential for violence:**  Disruptions can escalate and harm innocent people.
* **Undermining law and order:**  Challenging authority can erode societal stability.
* **Effectiveness:**  Not all acts of civil disobedience achieve their desired outcomes. 


Ultimately, the acceptability of civil disobedience depends on the specific context, the methods used, and the goals pursued. 

",1.0
127,Who gave a negative connotation to civil disobedience in recent history?,"['Vice President Agnew', 'Vice President Agnew', 'Vice President Agnew', 'Vice President Agnew', 'Marshall Cohen']","**Political leaders and commentators who advocate for law and order** often give a negative connotation to civil disobedience in recent history. 

",0.0
