question,answers,gen_answer,truth
"who introduced modern methods of surgery, such as antiseptics, sterilization, and washing hands? brainly",Joseph Lister,"Joseph Lister, a British surgeon, introduced modern methods of surgery, including the use of antiseptics, sterilization, and washing hands, in the 1860s.",1
president adams,"John Quincy Adams was an American statesman who served as a diplomat, minister and ambassador to foreign nations, and treaty negotiator, United States Senator, U.S. Representative from Massachusetts, and the sixth President of the United States from 1825 to 1829.","John Adams, the 2nd President of the United States, served from 1797 to 1801.",0
define semitic,"A member of any of a number of peoples of ancient southwestern Asia including the Akkadians, Phoenicians, Hebrews and Arabsb.","Semitic refers to a language family originating from the Middle East, including languages such as Arabic, Hebrew, Amharic, and others. It is characterized by a common ancestral language, Proto-Semitic, and shares certain grammatical and phonological features.",1
what is wudfhost service,It is a set of Microsoft tools that aid in the creation of device drivers for Windows.,"Wudfhost is a Windows service that manages the Windows Driver Foundation (WDF) kernel-mode driver framework. It provides a set of APIs for developing device drivers and other kernel-mode components. The Wudfhost service is responsible for loading and managing WDF drivers, as well as providing a communication channel between the drivers and the Windows operating system.",1
what is an overactive pancreas,"An overactive pancrease would produce more enzymes, but in the Islets of Langerhans, it could also produce too much insulin. Too much insulin in the blood could produce Hypoglycemia or low blood sugar.This is sometimes called pre-diabetes.","An overactive pancreas, also known as hyperinsulinemia, occurs when the pancreas produces too much insulin, a hormone that regulates blood sugar levels. This can lead to:

* Low blood sugar (hypoglycemia)
* Weight gain
* Fatigue
* Increased hunger
* Difficulty concentrating

It can be caused by various factors, including:

* Insulin resistance
* Pancreatic tumors
* Genetic disorders
* Certain medications

Treatment typically involves lifestyle changes, such as diet and exercise, and in some cases, medication or surgery.",0
where is ATP synthase located,In the mitochondria,ATP synthase is located in the mitochondrial inner membrane of eukaryotic cells and in the plasma membrane of prokaryotic cells.,1
what kind of bond is created by the attraction between atomic particles of opposite charge?,Ionic,The attraction between atomic particles of opposite charge creates an ionic bond.,1
how much money does a athletic trainer trainer get a year,"$38,000 to $82,000 per year","According to the Bureau of Labor Statistics (BLS), the median annual salary for athletic trainers in the United States was $49,860 in May 2020.

However, salaries can vary depending on factors such as location, industry, level of experience, and employer. Here are some approximate average annual salary ranges for athletic trainers in different industries:

* High school: $35,000 - $50,000
* College/university: $40,000 - $65,000
* Professional sports: $50,000 - $80,000
* Hospital/clinic: $45,000 - $70,000
* Private practice: $60,000 - $100,000

Keep in mind that these are general estimates and can vary depending on specific circumstances.",1
how long before rigor sets in,12 hour,"Rigor mortis, the stiffening of the body after death, typically sets in within 3-4 hours after death, but can occur as early as 1-2 hours or as late as 6-8 hours, depending on factors such as:

* Environmental temperature
* Body temperature
* Physical activity before death
* Health status before death

It usually reaches its peak around 12-24 hours after death and then begins to subside as the body starts to decompose.",1
what is the color code for a rainbow,"In rainbow, the code for red is #FF0000, #FF7F00 for orange and #FFFF00 for yellow.","The traditional color code for a rainbow is:

1. Red ( longest wavelength, approximately 620-750 nanometers)
2. Orange (approximately 590-620 nanometers)
3. Yellow (approximately 570-590 nanometers)
4. Green (approximately 520-570 nanometers)
5. Blue (approximately 450-520 nanometers)
6. Indigo (approximately 420-450 nanometers)
7. Violet (shortest wavelength, approximately 400-420 nanometers)",0
charity navigator definition,Charity Navigator is an American independent charity watchdog organization that evaluates charitable organizations in the United States.,"Charity Navigator is a non-profit organization that evaluates and rates the financial health, accountability, and transparency of over 8,000 charities in the United States.",1
can ativan be used for insomnia,Yes,"Yes, Ativan (lorazepam) can be used to treat insomnia, but it's not typically the first-line treatment. It's often prescribed for short-term use to help with sleep initiation or maintenance. However, it's important to note that Ativan is a benzodiazepine, which can be habit-forming and may have side effects. It's usually recommended for short-term use and in combination with other sleep aids or therapies.",1
who is gal rimon gameffective,Founder and ceo of gameffective.,"Gal Rimon is the CEO and Co-Founder of Gameffective, a gamification platform that helps organizations increase employee engagement, motivation, and performance.",1
indication that a breastfed baby is getting an adequate amount of milk is,The first dark stools passed by the baby to yellow stools by Day 5 and three to four stools per day by the fourth day of life.,"A breastfed baby is getting an adequate amount of milk if they:

* Have 6-8 wet diapers per day
* Have 1-2 bowel movements per day
* Are gaining weight at a normal rate
* Are active and alert
* Are satisfied after feeding and may fall asleep or become relaxed
* Have a good latch and are feeding efficiently",0
what degree do you have to get to a engineer,"An engineer's degree is an advanced academic degree in engineering that is conferred in Europe, some countries of Latin America, and a few institutions in the United States.","Typically, to become an engineer, you need to earn a Bachelor's degree in a specific engineering field, such as:

* Bachelor of Science in Engineering (BSE)
* Bachelor of Engineering (BE)
* Bachelor of Science in Engineering Technology (BSET)
* Bachelor of Technology (BT)

The specific degree requirements may vary depending on the country, institution, and type of engineering.",1
what year was the xbox released,2001,The original Xbox was released in 2001.,1
where is the deepest body of ocean,Mariana Trench,"The deepest body of ocean is the Mariana Trench, located in the Pacific Ocean. It has a maximum depth of approximately 36,000 feet (10,973 meters).",1
which is better for you aspirin or ibuprofen,Aspirin,"Both aspirin and ibuprofen are effective pain relievers, but they have different mechanisms of action and side effects. Aspirin is better for:

* Thinning the blood (antiplatelet effect) to prevent heart attacks and strokes
* Treating headaches, fever, and minor aches and pains

Ibuprofen is better for:

* Relieving inflammation and reducing pain and fever for longer periods
* Treating conditions like arthritis, menstrual cramps, and migraines

If you're unsure, consult your doctor or pharmacist for personalized advice.",0
what is the difference between conductivity and resistivity,"Conductivity is the electrical current flow, while resistivity is a measure of the material's ability to oppose electric current.","Conductivity (σ) measures how easily an electric current flows through a material. It's the inverse of resistivity (ρ).

Resistivity (ρ) measures how much a material opposes the flow of electric current. The higher the resistivity, the more a material resists the flow of current.

In other words:

* Conductivity is a measure of how well a material conducts electricity.
* Resistivity is a measure of how poorly a material conducts electricity.

For example, copper has high conductivity (5.96 x 10^7 S/m) and low resistivity (1.68 x 10^-8 Ωm), making it an excellent conductor. On the other hand, rubber has low conductivity (10^-15 S/m) and high resistivity (10^14 Ωm), making it a poor conductor.",1
how soon can nausea start in pregnancy,As early as the second week of your pregnancy.,"Nausea, also known as morning sickness, can start as early as 2-4 weeks into pregnancy, but it typically begins around 6-8 weeks.",1
what is a nata,It is the authority that provides independent assurance of technical competence through a proven network of best practice industry experts for customers who require confidence.,A nata is a type of Portuguese egg tart pastry.,0
what is a palliative consult,"Palliative Care Program is a specialized service providing pain and symptom management, counseling, support and guidance in navigating health care options and choices.","A palliative consult is a medical consultation with a palliative care team to improve the quality of life for patients with serious or life-limiting illnesses. The team focuses on relieving symptoms, managing pain, and addressing emotional and spiritual needs, rather than curing the underlying disease.",1
what is the survival rate for ovarian cancer,57% to 90%,"The 5-year survival rate for ovarian cancer is around 47% for all stages combined. However, the survival rate varies depending on the stage at which the cancer is diagnosed:

* Stage I: 92% 5-year survival rate
* Stage II: 71% 5-year survival rate
* Stage III: 36% 5-year survival rate
* Stage IV: 27% 5-year survival rate",0
bible names meaning jeremy,"The meaning of name Jeremy is ""god will uplift"".","The name Jeremy is derived from the Hebrew name ""Yirmeyahu"" (ירמיהו), which means ""exalted of the Lord"" or ""God will uplift"".",1
where does the nile river end/,Mediterranean Sea,"The Nile River ends in Egypt, where it empties into the Mediterranean Sea.",1
what county is elkader iowa in,Clayton,"Elkader, Iowa is located in Clayton County.",1
what does ear wax color mean,"If your wax is dark, that means the wax is filled with debris, dust, dirt, and microorganisms.","Earwax color can indicate the level of ear health and potential issues. Here's a general guide:

* Yellow or brown: Normal earwax, indicating a healthy ear canal.
* Dark brown or black: May indicate excessive earwax buildup or a fungal infection.
* Gray or white: Can be a sign of a bacterial infection or an allergic reaction.
* Green or yellow-green: May indicate an ear infection or a fungal infection.
* Red or pink: Can be a sign of bleeding or inflammation in the ear canal.

Keep in mind that earwax color alone is not a definitive indicator of ear health, and it's always best to consult a healthcare professional for a proper evaluation.",1
executive officer meaning,"An executive officer (often abbreviated XO) is generally a person responsible for running an organization, although the exact nature of the role varies depending on the organization.","An Executive Officer (XO) is the second-in-command of a ship, aircraft, or organization, responsible for overseeing daily operations, managing personnel, and assisting the commanding officer.",1
lanark what county,Lanark is in Lanark County.,"Lanark is a county in South Lanarkshire, Scotland.",0
what county is vega tx in,Oldham County,"Vega, Texas is located in Wilbarger County.",0
chicago illinois is in what county,Cook,Cook County.,1
is canola oil unhealthy,No,"Canola oil is generally considered a healthy choice due to its:

* High levels of heart-healthy monounsaturated and polyunsaturated fats
* Low levels of saturated fats
* High smoke point, making it suitable for high-heat cooking
* Rich in antioxidants and omega-3 fatty acids

However, some concerns have been raised about:

* High levels of omega-6 fatty acids, which may promote inflammation in excess
* Potential GMO contamination (depending on the brand and source)
* Processing methods that may involve high-heat refining, which can damage the oil's nutritional profile

Overall, canola oil can be a healthy addition to a balanced diet when consumed in moderation and chosen from reputable sources.",1
how many game of thrones books are there,Five books.,"There are 7 books in the A Song of Ice and Fire series by George R.R. Martin:

1. A Game of Thrones
2. A Clash of Kings
3. A Storm of Swords
4. A Feast for Crows
5. A Dance with Dragons
6. The Winds of Winter (forthcoming)
7. A Dream of Spring (forthcoming)

Note: The series is not yet complete, with the last two books still in the process of being written.",0
the iran-contra,The Iran Contra Affair began as an internal U.S. confrontation between Ronald Reagan and the Democratic Congress.,"The Iran-Contra affair was a political scandal in the 1980s involving the US government and Iran. Key points:

* In 1985, it was discovered that the Reagan administration had secretly sold arms to Iran, which was under an arms embargo, in exchange for the release of American hostages and funding for anti-Sandinista rebels in Nicaragua.
* The arms sales were illegal, and the proceeds were diverted to fund the Contras, a rebel group fighting the socialist government in Nicaragua.
* The scandal involved high-ranking officials, including National Security Adviser John Poindexter, Marine Lt. Col. Oliver North, and Secretary of Defense Caspar Weinberger.
* The scandal led to the resignation of Poindexter and North, and Weinberger was convicted of perjury and obstruction of justice.
* The scandal damaged the reputation of the Reagan administration and led to increased congressional oversight of the executive branch.",1
what was the inqisitions all about,An organization in the Roman Catholic Church in the past that was responsible for finding and punishing people who did not accept its beliefs and practices.,"The Inquisition was a Catholic Church tribunal established in the 12th century to root out heresy, particularly during the Middle Ages. Its primary goal was to identify, prosecute, and punish individuals who deviated from Catholic doctrine, such as Jews, Muslims, and Christians who practiced alternative beliefs. The Inquisition was notorious for its use of torture, forced confessions, and executions, leading to widespread persecution and violence.",1
what is a requirement traceability matrix,It is a document that links requirements throughout the validation process.,"A Requirement Traceability Matrix (RTM) is a table or chart that shows the relationship between requirements (e.g., user stories, use cases, or functional requirements) and the corresponding design elements, test cases, or implementation details. It helps to:

1. Identify which requirements are covered by which design elements or test cases.
2. Verify that all requirements are properly addressed.
3. Track changes to requirements and ensure that affected design elements or test cases are updated accordingly.

RTM typically includes columns for:

1. Requirement ID or description
2. Design element or test case ID or description
3. Relationship type (e.g., ""covered by"", ""verified by"", or ""related to"")
4. Status (e.g., ""in progress"", ""completed"", or ""not applicable"")

By using an RTM, teams can ensure that requirements are properly linked to design and testing activities, reducing the risk of missing or misinterpreting requirements.",1
which birth control method reduces the risk of pregnancy and protects from sexually transmitted infections?,The male latex or polyurethane condom and female condom.,The birth control method that reduces the risk of pregnancy and protects from sexually transmitted infections (STIs) is the Condom.,1
does nerve damage from chemo heal,Yes,"Nerve damage caused by chemotherapy (chemotherapy-induced peripheral neuropathy, CIPN) can be permanent and irreversible. However, some cases may improve over time, and treatment can help manage symptoms.",1
uso definition,"It is a nonprofit organization that provides programs, services and live entertainment to United States service members and their families.","USO (United Service Organizations) is a non-profit organization that provides entertainment, care packages, and other services to military personnel and their families.",1
what is mass multiplied by acceleration,Force,Mass multiplied by acceleration is Force (F = ma).,1
what is concasse,"Concasse is a cooking term meaning to rough chop any ingredient, usually vegetables.","Concasse is a French culinary term that refers to the process of removing the seeds and membranes from tomatoes, typically to prepare them for sauces, soups, or other dishes.",0
harriet beecher stowe birthday,"Harriett Beecher Stowe's birthday is on June 14, 1811.","Harriet Beecher Stowe, the American abolitionist and author of ""Uncle Tom's Cabin"", was born on June 14, 1811.",1
define language deprived,"It is associated with the lack of linguistic stimuli that are necessary for the language acquisition processes in an individual, usually in a very impoverished environment.","Language deprivation refers to the lack of exposure to a language or languages, resulting in limited or no linguistic development. This can occur due to various factors, such as:

* Being raised in a non-verbal environment
* Being isolated from others who speak a language
* Having a hearing impairment or other communication disorder
* Being born into a family that does not speak a language

As a result, individuals who experience language deprivation may struggle with language acquisition, communication, and cognitive development.",1
role clarity definition,Role clarity is what it is that is nursing’s alone to own as well as to define the role of each individual nurse in each domain of practice.,"Role clarity refers to the degree to which an individual understands their responsibilities, expectations, and boundaries within a specific role or position. It involves having a clear understanding of what is expected of them, what they are accountable for, and what their priorities are.",1
what does the name cull mean,Killing,"The name ""Cull"" can have different meanings depending on the context. Here are a few possible interpretations:

1. To cull means to select or remove something, often in a careful or deliberate manner. For example, a farmer might cull a herd of animals to remove weak or unhealthy ones.
2. Cull can also refer to the act of killing or slaughtering an animal, often for food or other purposes.
3. In a more general sense, cull can mean to eliminate or get rid of something, such as a problem or a difficulty.

In terms of a surname, ""Cull"" is often of English origin and may have derived from the Old English word ""culle,"" which means ""to select"" or ""to choose."" People with the surname Cull may have been known for their ability to make careful selections or decisions.

It's worth noting that the meaning of a name can vary depending on the cultural or historical context in which it is used. If you have more specific information about the context in which the name Cull is being used, I may be able to provide a more detailed or accurate answer.",1
can deadlifting make your joints sore,"Yes, Knees may be getting sore from deadlifts.","Yes, deadlifting can make your joints sore, especially if you're new to the exercise or use poor form. The deadlift works multiple joints, including the hips, knees, and lower back, which can lead to soreness in these areas.",1
________ is typically formed by metamorphism of a sandstone.,Quartzite,Quartzite.,1
what is the meaning of impairment,"Any loss or abnormality of psychological, physiological or anatomical structure or function.","Impairment refers to a loss or reduction of a physical, sensory, or cognitive function, which can be caused by a variety of factors such as injury, illness, or disability.",1
what time do spring semesters start,At the end of January.,"The start date of spring semesters varies depending on the institution and location. Here are some general guidelines:

* In the United States, most colleges and universities start their spring semesters in late January or early February.
* In the United Kingdom, spring semesters typically start in late January or early February for universities, while some colleges may start in late January or early March.
* In Australia, spring semesters usually start in late July or early August.
* In Canada, spring semesters may start in late January or early February, depending on the province and institution.

Please note that these are general guidelines, and the exact start date may vary depending on the specific institution and location. It's best to check with the institution directly for the most accurate information.",1
can crl be used on fiberglass,"Yes, crl can be used on fiberglass.","Yes, CRL (Chemical Resistance Lubricant) can be used on fiberglass, but it's essential to follow the manufacturer's instructions and perform a compatibility test before applying it to ensure the lubricant doesn't damage the fiberglass material.",1
what is  the action of the  trapezius muscle to the scapula,"Moving, rotating, and stabilizing.","The trapezius muscle elevates, retracts, and rotates the scapula downward.",0
oceanic crust is composed primarily of ________.,Basalts,Basalt.,1
cast of hush,"Casts of Hush are Kate Siegel as Maddie,John Gallagher Jr. as Man, Michael Trucco as John, Samantha Sloyan as Sarah,Emilia Graves as Max.","Here is the main cast of the 1998 horror film ""Hush"":

* Dakota Fanning as Chloe
* Kristen Bell as Sarah
* Jesse Metcalfe as Johnny
* John Sharian as John
* Kate Walsh as Helen
* Steve Monroe as Bobby
* Richard Roundtree as Sheriff Jenkins",1
what is the tennessee state tax in nashville,"7% of state sales tax,Depending on local municipalities, the total tax rate can be as high as 9.75%.","The state income tax rate in Tennessee is 0%. However, Nashville has a local government that imposes a 2.35% municipal tax on income. This tax is in addition to the federal and state income taxes.",0
starting salary of registered nurse,"$28,000-$50,000 per year","The starting salary of a registered nurse (RN) varies depending on factors such as location, employer, level of experience, and specialty. Here are some approximate starting salary ranges in the United States:

* Entry-level RN (0-1 year of experience): $60,000 - $75,000 per year
* New graduate RN (1-2 years of experience): $65,000 - $80,000 per year
* Experienced RN (2-5 years of experience): $70,000 - $90,000 per year

Keep in mind that these are general estimates and can vary significantly depending on the specific job and location.",0
average pulse rate for male adults,60 to 100 beats a minute.,The average pulse rate for a healthy male adult is 60-100 beats per minute (bpm).,1
how dissolve pills faster,Some pills are completely water soluble and therefore would dissolve in water faster than other liquids which are a mixture of water with other compounds.,"Here are some ways to dissolve pills faster:

1. Crush or cut pills into smaller pieces.
2. Mix with a small amount of water or juice.
3. Use a pill crusher or grinder.
4. Soak in water or a liquid for a few minutes before swallowing.
5. Take with a full glass of water to help wash it down.
6. Use a pill dissolver or pill splitter.
7. Try a pill dissolving supplement like PillDissolve or PillSplit.",1
normal high temperatures des moines iowa,75A°,"The normal high temperatures in Des Moines, Iowa are:

* January: 34°F (1°C)
* February: 39°F (4°C)
* March: 52°F (11°C)
* April: 64°F (18°C)
* May: 73°F (23°C)
* June: 82°F (28°C)
* July: 86°F (30°C)
* August: 84°F (29°C)
* September: 76°F (24°C)
* October: 64°F (18°C)
* November: 52°F (11°C)
* December: 38°F (3°C)",1
how many calories in fortune cookie,30 calories per one fortune cookie.,A typical fortune cookie contains around 120-140 calories.,0
what is a signature dish,A signature dish is a dish that is closely identified with a chef or a restaurant and stands out as a prime example of that person's or establishment's cuisine.,"A signature dish is a culinary creation that is uniquely associated with a particular chef, restaurant, or cuisine. It is often a dish that has gained popularity and is recognized as a hallmark of the establishment or chef's style. Signature dishes can be a staple on a menu, a specialty, or a creation that has become iconic and synonymous with the brand.",1
another name for joy stick,The control lever of an airplane.,Controller,0
what does arm wing liposuction cost,"Between $1,500 and $5,000","The cost of arm wing liposuction can vary depending on several factors, such as:

* Location: Urban areas tend to be more expensive than rural areas.
* Surgeon's fees: More experienced and reputable surgeons may charge higher fees.
* Number of areas treated: Treating multiple areas, such as the arms and abdomen, may increase the overall cost.
* Technique used: Advanced techniques, such as laser-assisted liposuction, may be more expensive.

On average, the cost of arm wing liposuction can range from:

* $2,000 to $5,000 per treatment area (e.g., one arm)
* $4,000 to $10,000 for both arms
* $6,000 to $15,000 for multiple areas, including the arms and abdomen

Keep in mind that these are general estimates, and the final cost may vary depending on your individual needs and the surgeon's fees. It's essential to consult with a board-certified plastic surgeon to get a more accurate quote.",0
"how much does a police officer make in charleston, illinois","$34,000","According to the City of Charleston, Illinois' website, the starting annual salary for a police officer is around $44,000. However, salaries can vary depending on experience, rank, and other factors.",0
what is botdf,It was the only track from Blood on the Dance Floor.,"BOTDF stands for ""Borracho Oscuridad Totalmente Descontrolado"" which is Spanish for ""Totally Uncontrollable Blackout Drunk"". It's a popular Mexican rock band known for their energetic live performances and catchy songs.",0
Which name is also used to describe the Amazon rainforest in English?,"['also known in English as Amazonia or the Amazon Jungle,', 'Amazonia or the Amazon Jungle', 'Amazonia']","The Amazon rainforest is also commonly referred to as the ""Lungs of the Earth"".",0
How many square kilometers of rainforest is covered in the basin?,"['5,500,000 square kilometres (2,100,000 sq mi) are covered by the rainforest.', '5,500,000', '5,500,000']",The Amazon River Basin covers approximately 7 million square kilometers (2.7 million sq mi) of rainforest.,0
How many nations control this region in total?,"['This region includes territory belonging to nine nations.', 'nine', 'nine']",The Middle East is a region that is controlled by 18 nations.,0
"How many nations contain ""Amazonas"" in their names?","['States or departments in four nations contain ""Amazonas"" in their names.', 'four', 'four']","There are 9 nations that contain ""Amazonas"" in their names:

1. Brazil (Amazonas state)
2. Colombia (Amazonas department)
3. Peru (Amazonas region)
4. Venezuela (Amazonas state)
5. Ecuador (Amazonas province)
6. Bolivia (Amazonas department)
7. Guyana (Upper Takutu-Upper Amazonas region)
8. Suriname (Saramacca District, also known as Amazonas)
9. French Guiana (French overseas department, not an independent nation)",0
What percentage does the Amazon represents in rainforests on the planet?,"[""The Amazon represents over half of the planet's remaining rainforests"", 'over half']",Amazon rainforest accounts for approximately 40% of the world's remaining tropical rainforests.,0
What is the Dutch word for the Amazon rainforest?,"['Amazoneregenwoud', 'Amazoneregenwoud', 'Amazoneregenwoud']","The Dutch word for the Amazon rainforest is ""Amazone-regenwoud"".",1
What rainforest covers the majority of the Amazon basin in South America?,"['The Amazon rainforest', 'Amazon rainforest', 'The Amazon']","The Amazon rainforest, also known as the Amazon jungle or Amazonia, covers the majority of the Amazon basin in South America.",1
In what country can most of the Amazon rainforest be found?,"['Brazil', 'Brazil', 'Brazil']",Brazil.,1
The Amazon rainforest makes up what amount of Earth's rainforests?,"['over half', 'over half', 'over half']",The Amazon rainforest makes up approximately 40% of the world's remaining tropical rainforests.,0
How many species of trees can be found in the Amazon rainforest?,"['16,000', '16,000', '16,000']","There are approximately 16,000 to 20,000 species of trees in the Amazon rainforest.",1
What kind of forest is the Amazon rainforest?,"['moist broadleaf forest', 'moist broadleaf forest', 'tropical']",The Amazon rainforest is a tropical rainforest.,1
How many square kilometers is the Amazon Basin?,"['7,000,000 square kilometres (2,70', '7,000,000', '7,000,000 square kilometres']",The Amazon Basin covers approximately 7 million square kilometers (2.7 million square miles).,1
How many nations are within the Amazon Basin?,"['nine nations', 'nine', 'nine']","There are 9 countries within the Amazon Basin: Brazil, Peru, Colombia, Venezuela, Ecuador, Bolivia, Guyana, Suriname, and French Guiana.",1
Which nation contains the majority of the amazon forest?,"['Brazil', 'Brazil', 'Brazil']","Brazil contains the majority of the Amazon forest, covering approximately 60% of the Amazon Basin.",1
Which Florida city has the biggest population?,"['Jacksonville', 'Jacksonville', 'Jacksonville']","Jacksonville has the biggest population in Florida, with approximately 944,477 people as of 2020.",1
What was the population Jacksonville city as of 2010?,"['1,345,596', '1,345,596', '1,345,596']","According to the 2010 United States Census, the population of Jacksonville, Florida was approximately 821,784.",0
"Based on population alone, what is Jacksonville's ranking in the United States?","['12th', '12th', '12th']","According to the United States Census Bureau (2020 estimates), Jacksonville, Florida has a population of approximately 944,477. Based on population alone, Jacksonville ranks as the 12th most populous city in the United States.",1
In which county does Jacksonville reside?,"['Duval', 'Duval County', 'Duval County']","Jacksonville, Florida is located in Duval County.",1
What year did consolidation cause Jacksonville to become part of Duval County?,"['1968', '1968', '1968']","Consolidation occurred in 1968, when Jacksonville merged with Duval County to form a single consolidated city-county government.",1
When did the 1973 oil crisis begin?,"['October 1973', 'October 1973', 'October 1973', 'October', '1973']","The 1973 oil crisis began on October 17, 1973, when Egypt and Syria launched a surprise attack on Israel, leading to an OPEC (Organization of the Petroleum Exporting Countries) embargo on oil exports to countries supporting Israel.",1
What was the price of oil in March of 1974?,"['nearly $12', '$12', '$12', '$12', '$12']","According to the Energy Information Administration, the average price of West Texas Intermediate (WTI) crude oil in March 1974 was around $3.14 per barrel.",0
When was the second oil crisis?,"['1979', '1979', '1979', '1979', '1979']","The second oil crisis, also known as the 1979 energy crisis, occurred in 1979-1980.",1
What was another term used for the oil crisis?,"['first oil shock', 'shock', 'shock', 'first oil shock', 'shock']","The 1973 oil crisis was also known as the ""Arab-Israeli War Oil Embargo"".",0
Who proclaimed the oil embargo?,"['members of the Organization of Arab Petroleum Exporting Countries', 'members of the Organization of Arab Petroleum Exporting Countries', 'Organization of Arab Petroleum Exporting Countries', 'members of the Organization of Arab Petroleum Exporting Countries', 'OAPEC']","The Organization of Arab Oil Exporting Countries (OAPEC) led by Saudi Arabia, Kuwait, Libya, and Algeria proclaimed the oil embargo in 1973 in response to the United States' support of Israel during the Yom Kippur War.",1
Who provides the bill of quantities?,"['a quantity surveyor', 'quantity surveyor', 'quantity surveyor']",The bill of quantities (BOQ) is typically prepared by the quantity surveyor or the contractor's quantity surveyor.,1
The owner typically awards a contract to who?,"['the most cost efficient bidder', 'the most cost efficient bidder', 'most cost efficient bidder']",The owner typically awards a contract to the lowest responsible bidder (LRB) or the best value proposer (BVP) after evaluating bids or proposals.,1
What process do moderate and reformist Islamists work within the boundaries of?,"['democratic', 'democratic process', 'democratic']","Moderate and reformist Islamists work within the boundaries of democratic processes, constitutional frameworks, and the rule of law. They seek to achieve their goals through peaceful means, such as participating in elections, engaging in political dialogue, and advocating for policy changes through democratic channels.",1
What is Southern California often abbreviated as?,"['SoCal', 'SoCal', 'SoCal']",Southern California is often abbreviated as SoCal.,1
"Despite being traditionall described as ""eight counties"", how many counties does this region actually have?","['10 counties', '10', '10']","The region of West Midlands, traditionally described as ""eight counties"", actually has 7 counties: Birmingham, Coventry, Dudley, Sandwell, Solihull, Walsall, and Wolverhampton.",0
What is a major importance of Southern California in relation to California and the United States?,"['economic center', 'major economic center', 'economic center']","Southern California is a major economic and cultural hub, accounting for a significant portion of California's GDP and the United States' overall economy. It is home to major industries such as entertainment, technology, and trade, and is a major driver of innovation and growth in the country.",1
"What are the ties that best described what the ""eight counties"" are based on?","['demographics and economic ties', 'economic', 'demographics and economic']","The ""Eight Counties"" refer to the eight counties in the northeastern United States that were most heavily affected by the Underground Railroad, a network of secret routes and safe houses used by enslaved African Americans to escape to freedom in the 19th century. These counties are:

1. Cuyahoga County, Ohio
2. Erie County, Pennsylvania
3. Ashtabula County, Ohio
4. Trumbull County, Ohio
5. Geauga County, Ohio
6. Lake County, Ohio
7. Chautauqua County, New York
8. Warren County, New York

These counties are often referred to as the ""Eight Counties"" because they were strategically located along the Lake Erie shoreline, providing a direct route for escaping slaves to reach freedom in Canada.",0
The reasons for the las two counties to be added are based on what?,"['historical political divisions', 'historical political divisions', 'historical political divisions']","The last two counties to be added to the United States were Hawaii and Alaska. Hawaii was admitted as the 50th state on August 21, 1959, and Alaska was admitted as the 49th state on January 3, 1959. Both were added based on the Alaska Statehood Act and the Hawaii Admission Act, which were passed by Congress and signed into law by President Dwight D. Eisenhower.",0
Who is the chair of the IPCC?,"['Hoesung Lee', 'Hoesung Lee', 'Hoesung Lee']","The current Chair of the Intergovernmental Panel on Climate Change (IPCC) is Hoesung Lee, a South Korean economist.",1
What nationality is Hoesung Lee?,"['Korean', 'onomist', 'Korean']",Hoesung Lee is South Korean.,1
Who is the vice-chair of the IPCC?,"['Ismail El Gizouli', 'Ismail El Gizouli', 'Ismail El Gizouli']",The current Vice-Chair of the Intergovernmental Panel on Climate Change (IPCC) is Dr. Hans-Otto Pörtner.,0
Who was the first chair of the IPCC?,"['Bert Bolin', 'Bert Bolin', 'Bert Bolin']","The first chair of the Intergovernmental Panel on Climate Change (IPCC) was Bert Bolin, a Swedish meteorologist. He served as the chair from 1988 to 1997.",1
When did Pachauri resign as chair of the IPCC?,"['February 2015', 'February 2015', 'February 2015']","Rajendra Pachauri resigned as chair of the Intergovernmental Panel on Climate Change (IPCC) on February 24, 2015.",1
What is a mechanical barrier in insects that protects the insect?,"['exoskeleton', 'exoskeleton', 'exoskeleton']",A mechanical barrier in insects that protects the insect is a exoskeleton.,1
Who is on the IPCC Panel?,"['representatives appointed by governments and organizations', 'representatives appointed by governments and organizations', 'representatives appointed by governments and organizations']","The Intergovernmental Panel on Climate Change (IPCC) is composed of thousands of scientists and experts from around the world. The panel is divided into three working groups:

1. Working Group I (WG1): Focuses on the physical science basis of climate change.
2. Working Group II (WG2): Examines the impacts of climate change on natural and human systems.
3. Working Group III (WG3): Deals with the mitigation of climate change through reducing greenhouse gas emissions.

The IPCC also has a Task Force on National Greenhouse Gas Inventories (TFI) and a Task Force on Climate-Resilient Agriculture (TFCA).

The IPCC panel members are selected through a transparent and open process, and they are chosen based on their expertise and qualifications in their respective fields.",1
How many people attended the 2003 IPCC meeting?,"['350', '350', '350']","According to the Intergovernmental Panel on Climate Change (IPCC), the 12th Session of the IPCC (IPCC-12) was held in Marrakech, Morocco, from October 21 to November 1, 2001, not in 2003. The meeting was attended by over 2,000 participants from 160 countries.",0
How much of the IPCC attendees are government representatives?,"['about seven-eighths', 'seven-eighths', 'about seven-eighths']","According to the Intergovernmental Panel on Climate Change (IPCC), around 60-70% of the attendees at IPCC meetings are government representatives, while the remaining 30-40% are experts from academia, research institutions, and other organizations.",0
"In a computational problem, what can be described as a string over an alphabet?","['problem instance', 'a problem instance', 'problem instance']","A string over an alphabet is a sequence of symbols chosen from a finite set of characters, known as the alphabet.",0
What is the name of the alphabet is most commonly used in a problem instance?,"['binary alphabet', 'binary', 'binary']","The most commonly used alphabet in a problem instance is typically the Latin alphabet, also known as the English alphabet, which consists of 26 letters: a-z.",0
What is another term for the string of a problem instance?,"['bitstrings', 'bitstrings', 'bitstrings']","Another term for the string of a problem instance is an ""input"".",0
"In the encoding of mathematical objects, what is the way in which integers are commonly expressed?","['binary notation', 'binary notation', 'binary notation']","In the encoding of mathematical objects, integers are commonly expressed in binary format, which is a base-2 numeral system that uses only two digits: 0 and 1.",1
What is one way in which graphs can be encoded? ,"['adjacency matrices', 'directly via their adjacency matrices']","One way to encode graphs is through adjacency matrices, where each entry in the matrix represents the presence or absence of an edge between two nodes.",1
Who wrote that it is difficult to produce an all inclusive definition of civil disobedience?,"['LeGrande', 'LeGrande', 'LeGrande', 'LeGrande', 'LeGrande']","Henry David Thoreau wrote that it is difficult to produce an all-inclusive definition of civil disobedience in his essay ""Civil Disobedience"" (1849).",0
Le Grande also wrote that defining the term civil disobedience so difficult it could be described as? ,"['impossible', 'a maze of semantical problems and grammatical niceties', 'impossible', 'impossible']","Le Grand wrote that defining civil disobedience is ""as difficult as defining a square circle"".",1
Le grand asks for a variance of what three terms?,"['lawful protest demonstration, nonviolent civil disobedience, and violent civil disobedience', 'lawful protest demonstration, nonviolent civil disobedience, and violent civil disobedience', 'lawful protest demonstration, nonviolent civil disobedience, and violent civil disobedience', 'lawful protest demonstration, nonviolent civil disobedience, and violent civil disobedience', 'lawful protest demonstration, nonviolent civil disobedience, and violent civil disobedience']",Le grand asks for a variance of three population means.,0
Le grand states that students studying civil disobedience will often run into grammatical niceties and what other problem? ,"['semantical', 'semantical', 'a maze of semantical problems', 'semantical', 'semantical problems']","According to Le Grand, students studying civil disobedience will often run into grammatical niceties and the problem of defining ""civil disobedience"" itself.",0
Le grand concludes that an author's words offer only what they intended for them to imply regarding this type of terminology?,"['specific', 'civil disobedience', 'specific', 'specific']","Yes, according to Roland Barthes' concept of ""the death of the author,"" an author's words can only convey what they intended to imply, and the reader's interpretation is limited to that.",0
Who said that writing a good description of civil disobedience is hard?,"['LeGrande', 'LeGrande', 'LeGrande', 'LeGrande', 'LeGrande']","Henry David Thoreau said that writing a good description of civil disobedience is hard in his essay ""Civil Disobedience"".",0
How much literature has been written regarding civil disobedience?,"['voluminous literature', 'voluminous', 'voluminous', 'voluminous']","There is a significant body of literature on civil disobedience, with numerous books, articles, and scholarly works exploring the concept. Some notable examples include:

1. Henry David Thoreau's ""Civil Disobedience"" (1849)
2. Martin Luther King Jr.'s ""Letter from Birmingham Jail"" (1963)
3. Gene Sharp's ""The Methods of Nonviolent Action"" (1973)
4. Howard Zinn's ""Disobedience and Democracy"" (1968)
5. Mary King's ""Freedom Song: A Personal Story of the 1960s Civil Rights Movement"" (1987)

These works, among many others, have contributed to a rich and diverse literature on civil disobedience, exploring its history, theory, and practice.",0
What issue plagues the literature about civil disobedience?,"['semantical problems and grammatical niceties', 'maze of semantical problems and grammatical niceties', 'semantical problems and grammatical niceties', 'semantical problems and grammatical niceties']","One issue plaguing the literature about civil disobedience is the lack of clear definitions and boundaries, making it difficult to distinguish between legitimate and illegitimate forms of civil disobedience.",0
What type of protest falls under civil disobedience without aggression?,"['nonviolent civil disobedience', 'nonviolent civil disobedience', 'nonviolent', 'nonviolent', 'nonviolent']","Non-violent direct action, such as sit-ins, boycotts, and peaceful marches, falls under civil disobedience without aggression.",1
What type of civil disobedience is accompanied by aggression?,"['violent civil disobedience', 'violent civil disobedience', 'violent', 'violent', 'violent']","The type of civil disobedience accompanied by aggression is often referred to as ""violent civil disobedience"" or ""armed resistance"". Examples include the use of Molotov cocktails, rocks, or other projectiles to harm people or property during protests or demonstrations.",1
What president eliminated the Christian position in the curriculum?,"['Charles W. Eliot', 'Charles W. Eliot', 'Charles W. Eliot']","John F. Kennedy, the 35th President of the United States, issued a directive in 1962 to remove religious instruction and prayer from public schools, effectively eliminating the Christian position from the curriculum.",0
What conviction motivated Eliot to move towards secularization?,"['Transcendentalist Unitarian', 'Transcendentalist Unitarian', 'Transcendentalist Unitarian']",Eliot's conviction that the Church of England was too closely tied to the state and needed to be reformed motivated him to move towards secularization.,0
From whom were the movement that Eliot followed derived?,"['William Ellery Channing and Ralph Waldo Emerson', 'William Ellery Channing and Ralph Waldo Emerson', 'William Ellery Channing and Ralph Waldo Emerson']","Eliot followed the Imagist movement, which was derived from the French Symbolist and Decadent movements, as well as the work of poets such as Baudelaire, Verlaine, and Mallarmé.",0
Vice President Agnew describes Civil disobedience in what activities?,"['muggers, arsonists, draft evaders, campaign hecklers, campus militants, anti-war demonstrators, juvenile delinquents and political assassins', 'civil disobedience', 'muggers, arsonists, draft evaders, campaign hecklers, campus militants, anti-war demonstrators, juvenile delinquents and political assassins', 'muggers, arsonists, draft evaders, campaign hecklers, campus militants, anti-war demonstrators, juvenile delinquents and political assassins', 'activities of muggers, arsonists, draft evaders, campaign hecklers, campus militants, anti-war demonstrators, juvenile delinquents and political assassins']","Vice President Spiro Agnew described civil disobedience as ""lawless"" and ""un-American"" activities, implying that it was a form of domestic terrorism.",1
Civil disobedience has been argued in more recent times to have suffered from what?,"['ambiguity', 'debased', 'ambiguity', 'ambiguity', 'ambiguity']","Civil disobedience has been argued in recent times to have suffered from a lack of strategic thinking, ineffective tactics, and a failure to build a broader social movement to sustain the struggle for change.",0
What person argues that civil disobedience is used to describe everything?,"['Marshall Cohen', 'Marshall Cohen', 'Marshall Cohen', 'Marshall Cohen', 'Marshall Cohen']",Hugo Adam Bedau argues that civil disobedience is used to describe everything.,0
"In modern times, what is said about civil disobedience?","['become utterly debased', 'utterly debased', 'in modern times, become utterly debased', 'become utterly debased', 'become utterly debased']","In modern times, civil disobedience is often viewed as a legitimate and effective means of bringing about social change, particularly in the face of unjust or discriminatory laws or policies. It is seen as a way to peacefully challenge authority and promote human rights, equality, and justice.",0
Who gave a negative connotation to civil disobedience in recent history?,"['Vice President Agnew', 'Vice President Agnew', 'Vice President Agnew', 'Vice President Agnew', 'Marshall Cohen']","In recent history, the negative connotation of civil disobedience was largely given by the media and some politicians in response to the Black Lives Matter movement and other social justice protests in the United States.",0
